{"benchmark_p_median":{"time_median":7.84656291e8,"allocs":8013978,"gc_min":1.04772167e8,"gc_median":1.44473083e8,"memory":696257376,"time_min":7.20164833e8},"gurobi_facility.jl 75":{"time_median":2.3290874541e10,"allocs":465,"gc_min":0.0,"gc_median":0.0,"memory":21776,"time_min":2.3290874541e10},"benchmark_print_AffExpr":{"time_median":101291.5,"allocs":1386,"gc_min":0.0,"gc_median":0.0,"memory":95104,"time_min":99041.0},"benchmark_vector_sum_010":{"time_median":8458.0,"allocs":192,"gc_min":0.0,"gc_median":0.0,"memory":16288,"time_min":7958.0},"gurobi_lqcp.jl 2000":{"time_median":5.1512688458e10,"allocs":81,"gc_min":0.0,"gc_median":0.0,"memory":3456,"time_min":5.1512688458e10},"benchmark_print_small_model":{"time_median":191708.0,"allocs":2722,"gc_min":0.0,"gc_median":0.0,"memory":185952,"time_min":188583.0},"benchmark_matrix_quadratic_product_010":{"time_median":1.3435e6,"allocs":3607,"gc_min":0.0,"gc_median":0.0,"memory":1059216,"time_min":1.32875e6},"benchmark_sparse_axis_constraints_index":{"time_median":1.868875e6,"allocs":39232,"gc_min":0.0,"gc_median":0.0,"memory":2867776,"time_min":1.842417e6},"benchmark_macro_quad_010":{"time_median":2.1555375e7,"allocs":204293,"gc_min":0.0,"gc_median":0.0,"memory":17176816,"time_min":2.1347083e7},"gurobi_lqcp.jl 500":{"time_median":1.1652046625e10,"allocs":80,"gc_min":0.0,"gc_median":0.0,"memory":3440,"time_min":1.1652046625e10},"ipopt_jump_2788.jl 800":{"time_median":1.1604780208e10,"allocs":81,"gc_min":0.0,"gc_median":0.0,"memory":3488,"time_min":1.1604780208e10},"benchmark_jump_creating_variable_dense_axis_array":{"time_median":589292.0,"allocs":10137,"gc_min":0.0,"gc_median":0.0,"memory":583520,"time_min":579084.0},"ipopt_jump_2788.jl 200":{"time_median":1.0900307583e10,"allocs":80,"gc_min":0.0,"gc_median":0.0,"memory":3472,"time_min":1.0900307583e10},"benchmark_matrix_affine_product_050":{"time_median":1.6078979e7,"allocs":57626,"gc_min":0.0,"gc_median":0.0,"memory":19987328,"time_min":1.5632e7},"benchmark_array_sum_010":{"time_median":568792.0,"allocs":11156,"gc_min":0.0,"gc_median":0.0,"memory":763792,"time_min":560292.0},"ipopt_jump_2788.jl 400":{"time_median":1.15193385e10,"allocs":80,"gc_min":0.0,"gc_median":0.0,"memory":3472,"time_min":1.15193385e10},"benchmark_value_nonlinear_expression":{"time_median":5.317326291e9,"allocs":11326531,"gc_min":2.50159209e8,"gc_median":2.50159209e8,"memory":1898733592,"time_min":5.317326291e9},"benchmark_macro_quad_050":{"time_median":3.197646667e9,"allocs":24121929,"gc_min":1.4122642e8,"gc_median":2.162902935e8,"memory":2049127024,"time_min":3.125696792e9},"benchmark_jump_creating_model":{"time_median":2629.6666666666665,"allocs":88,"gc_min":0.0,"gc_median":0.0,"memory":9248,"time_min":2518.5555555555557},"benchmark_matrix_quadratic_product_050":{"time_median":7.74374292e8,"allocs":117628,"gc_min":1.02276666e8,"gc_median":1.20448666e8,"memory":495967408,"time_min":7.62549417e8},"benchmark_dense_axis_constraints_index":{"time_median":2.76075e6,"allocs":58639,"gc_min":0.0,"gc_median":0.0,"memory":4068960,"time_min":2.7275e6},"gurobi_facility.jl 100":{"time_median":4.1922474875e10,"allocs":80,"gc_min":0.0,"gc_median":0.0,"memory":3472,"time_min":4.1922474875e10},"benchmark_print_model":{"time_median":107375.0,"allocs":1434,"gc_min":0.0,"gc_median":0.0,"memory":101824,"time_min":105291.0},"benchmark_jump_creating_small_constraints":{"time_median":2.996427505e8,"allocs":3697476,"gc_min":5.3021541e7,"gc_median":7.20002285e7,"memory":275222928,"time_min":2.79684458e8},"benchmark_vector_sum_050":{"time_median":28459.0,"allocs":485,"gc_min":0.0,"gc_median":0.0,"memory":44640,"time_min":27292.0},"benchmark_array_sum_050":{"time_median":8.81590835e7,"allocs":1375209,"gc_min":5.546e6,"gc_median":1.19497285e7,"memory":82413104,"time_min":8.1871584e7},"ipopt_clnlbeam.jl 500":{"time_median":4.149687075e10,"allocs":80,"gc_min":0.0,"gc_median":0.0,"memory":3472,"time_min":4.149687075e10},"benchmark_macro_linear_010":{"time_median":1.4570083e7,"allocs":74093,"gc_min":0.0,"gc_median":0.0,"memory":4900016,"time_min":1.4493584e7},"gurobi_lqcp.jl 1000":{"time_median":1.8141366792e10,"allocs":81,"gc_min":0.0,"gc_median":0.0,"memory":3456,"time_min":1.8141366792e10},"gurobi_lqcp.jl 1500":{"time_median":2.93633185e10,"allocs":81,"gc_min":0.0,"gc_median":0.0,"memory":3456,"time_min":2.93633185e10},"benchmark_macro_linear_050":{"time_median":1.949444875e9,"allocs":4913227,"gc_min":5.4873e7,"gc_median":5.5008e7,"memory":319168048,"time_min":1.940836459e9},"benchmark_jump_creating_variable_sparse_axis_array":{"time_median":310041.0,"allocs":5136,"gc_min":0.0,"gc_median":0.0,"memory":269632,"time_min":304375.0},"benchmark_dense_axis_constraints_iterate":{"time_median":2.766375e6,"allocs":58639,"gc_min":0.0,"gc_median":0.0,"memory":4068960,"time_min":2.733583e6},"benchmark_print_model_10000":{"time_median":9.577875e6,"allocs":129970,"gc_min":0.0,"gc_median":0.0,"memory":9462576,"time_min":9.509417e6},"benchmark_jump_creating_variable_array":{"time_median":588333.0,"allocs":10136,"gc_min":0.0,"gc_median":0.0,"memory":583472,"time_min":579292.0},"gurobi_facility.jl 50":{"time_median":1.38188285e10,"allocs":80,"gc_min":0.0,"gc_median":0.0,"memory":3472,"time_min":1.38188285e10},"benchmark_matrix_sum_050":{"time_median":1.265625e6,"allocs":22665,"gc_min":0.0,"gc_median":0.0,"memory":1475856,"time_min":1.245417e6},"benchmark_sparse_axis_constraints_iterate":{"time_median":1.860041e6,"allocs":39232,"gc_min":0.0,"gc_median":0.0,"memory":2867776,"time_min":1.837166e6},"gurobi_facility.jl 25":{"time_median":1.0404392417e10,"allocs":80,"gc_min":0.0,"gc_median":0.0,"memory":3472,"time_min":1.0404392417e10},"benchmark_matrix_sum_010":{"time_median":55500.0,"allocs":1035,"gc_min":0.0,"gc_median":0.0,"memory":70976,"time_min":53750.0},"power_models_opf_acp.jl pglib_opf_case5_pjm":{"time_median":2.2602696292e10,"allocs":74,"gc_min":0.0,"gc_median":0.0,"memory":3168,"time_min":2.2602696292e10},"ipopt_clnlbeam.jl 50":{"time_median":1.4017152541e10,"allocs":80,"gc_min":0.0,"gc_median":0.0,"memory":3472,"time_min":1.4017152541e10},"benchmark_matrix_affine_product_010":{"time_median":158583.0,"allocs":2006,"gc_min":0.0,"gc_median":0.0,"memory":231120,"time_min":156417.0},"ipopt_clnlbeam.jl 5":{"time_median":1.1207870292e10,"allocs":80,"gc_min":0.0,"gc_median":0.0,"memory":3472,"time_min":1.1207870292e10}}