{"benchmark_p_median":{"time_median":7.584409585e8,"allocs":8013978,"gc_min":1.1835425e8,"gc_median":1.599178125e8,"memory":696257376,"time_min":7.08977458e8},"gurobi_facility.jl 75":{"time_median":2.3427077541e10,"allocs":465,"gc_min":0.0,"gc_median":0.0,"memory":21776,"time_min":2.3427077541e10},"inverse_ising_register.jl logrise":{"time_median":1.2127216417e10,"allocs":74,"gc_min":0.0,"gc_median":0.0,"memory":3168,"time_min":1.2127216417e10},"benchmark_print_AffExpr":{"time_median":100916.0,"allocs":1386,"gc_min":0.0,"gc_median":0.0,"memory":95104,"time_min":98292.0},"benchmark_vector_sum_010":{"time_median":8347.333333333334,"allocs":192,"gc_min":0.0,"gc_median":0.0,"memory":16288,"time_min":7972.333333333333},"gurobi_lqcp.jl 2000":{"time_median":4.9843015916e10,"allocs":81,"gc_min":0.0,"gc_median":0.0,"memory":3456,"time_min":4.9843015916e10},"benchmark_print_small_model":{"time_median":191083.0,"allocs":2722,"gc_min":0.0,"gc_median":0.0,"memory":185952,"time_min":186000.0},"benchmark_matrix_quadratic_product_010":{"time_median":1.319125e6,"allocs":3607,"gc_min":0.0,"gc_median":0.0,"memory":1059216,"time_min":1.297833e6},"benchmark_sparse_axis_constraints_index":{"time_median":1.867166e6,"allocs":39232,"gc_min":0.0,"gc_median":0.0,"memory":2867776,"time_min":1.839708e6},"inverse_ising_expr.jl logrise":{"time_median":1.1925167084e10,"allocs":74,"gc_min":0.0,"gc_median":0.0,"memory":3168,"time_min":1.1925167084e10},"benchmark_macro_quad_010":{"time_median":2.05076455e7,"allocs":204293,"gc_min":0.0,"gc_median":0.0,"memory":17176816,"time_min":2.0291333e7},"gurobi_lqcp.jl 500":{"time_median":1.1679243458e10,"allocs":80,"gc_min":0.0,"gc_median":0.0,"memory":3440,"time_min":1.1679243458e10},"ipopt_jump_2788.jl 800":{"time_median":1.1671560625e10,"allocs":81,"gc_min":0.0,"gc_median":0.0,"memory":3488,"time_min":1.1671560625e10},"benchmark_jump_creating_variable_dense_axis_array":{"time_median":568667.0,"allocs":10137,"gc_min":0.0,"gc_median":0.0,"memory":583520,"time_min":559750.0},"ipopt_jump_2788.jl 200":{"time_median":1.0886841959e10,"allocs":80,"gc_min":0.0,"gc_median":0.0,"memory":3472,"time_min":1.0886841959e10},"inverse_ising_register.jl rple":{"time_median":1.2138495417e10,"allocs":74,"gc_min":0.0,"gc_median":0.0,"memory":3168,"time_min":1.2138495417e10},"benchmark_matrix_affine_product_050":{"time_median":1.62121665e7,"allocs":57626,"gc_min":0.0,"gc_median":0.0,"memory":19987328,"time_min":1.5212833e7},"benchmark_array_sum_010":{"time_median":576833.0,"allocs":11156,"gc_min":0.0,"gc_median":0.0,"memory":763792,"time_min":564500.0},"ipopt_jump_2788.jl 400":{"time_median":1.1559545834e10,"allocs":80,"gc_min":0.0,"gc_median":0.0,"memory":3472,"time_min":1.1559545834e10},"benchmark_value_nonlinear_expression":{"time_median":5.322981958e9,"allocs":11321702,"gc_min":2.63434418e8,"gc_median":2.63434418e8,"memory":1898368968,"time_min":5.322981958e9},"benchmark_macro_quad_050":{"time_median":3.1344028955e9,"allocs":24121929,"gc_min":1.47165793e8,"gc_median":2.215686455e8,"memory":2049127024,"time_min":3.064236833e9},"benchmark_jump_creating_model":{"time_median":2643.4444444444443,"allocs":88,"gc_min":0.0,"gc_median":0.0,"memory":9248,"time_min":2495.3333333333335},"benchmark_matrix_quadratic_product_050":{"time_median":7.899495e8,"allocs":117628,"gc_min":4.7055416e7,"gc_median":1.13470791e8,"memory":495967408,"time_min":7.11099042e8},"benchmark_dense_axis_constraints_index":{"time_median":2.741125e6,"allocs":58639,"gc_min":0.0,"gc_median":0.0,"memory":4068960,"time_min":2.703042e6},"gurobi_facility.jl 100":{"time_median":4.2165254209e10,"allocs":80,"gc_min":0.0,"gc_median":0.0,"memory":3472,"time_min":4.2165254209e10},"benchmark_print_model":{"time_median":107458.0,"allocs":1434,"gc_min":0.0,"gc_median":0.0,"memory":101824,"time_min":104958.0},"benchmark_jump_creating_small_constraints":{"time_median":3.00776042e8,"allocs":3697476,"gc_min":5.5050291e7,"gc_median":7.06274995e7,"memory":275222928,"time_min":2.8402475e8},"power_models_opf_acr.jl pglib_opf_case5_pjm":{"time_median":2.0592203e10,"allocs":74,"gc_min":0.0,"gc_median":0.0,"memory":3168,"time_min":2.0592203e10},"benchmark_vector_sum_050":{"time_median":28584.0,"allocs":485,"gc_min":0.0,"gc_median":0.0,"memory":44640,"time_min":27166.0},"benchmark_array_sum_050":{"time_median":8.9851334e7,"allocs":1375209,"gc_min":5.073708e6,"gc_median":1.2109541e7,"memory":82413104,"time_min":8.2173e7},"ipopt_clnlbeam.jl 500":{"time_median":4.1940319667e10,"allocs":80,"gc_min":0.0,"gc_median":0.0,"memory":3472,"time_min":4.1940319667e10},"benchmark_macro_linear_010":{"time_median":1.3879791e7,"allocs":74093,"gc_min":0.0,"gc_median":0.0,"memory":4900016,"time_min":1.3815209e7},"gurobi_lqcp.jl 1000":{"time_median":1.848372e10,"allocs":81,"gc_min":0.0,"gc_median":0.0,"memory":3456,"time_min":1.848372e10},"gurobi_lqcp.jl 1500":{"time_median":3.0272292417e10,"allocs":81,"gc_min":0.0,"gc_median":0.0,"memory":3456,"time_min":3.0272292417e10},"benchmark_macro_linear_050":{"time_median":1.863658625e9,"allocs":4913227,"gc_min":4.7422333e7,"gc_median":5.5683917e7,"memory":319168048,"time_min":1.844565125e9},"benchmark_jump_creating_variable_sparse_axis_array":{"time_median":298084.0,"allocs":5136,"gc_min":0.0,"gc_median":0.0,"memory":269632,"time_min":292542.0},"benchmark_dense_axis_constraints_iterate":{"time_median":2.742875e6,"allocs":58639,"gc_min":0.0,"gc_median":0.0,"memory":4068960,"time_min":2.706708e6},"benchmark_print_model_10000":{"time_median":9.624625e6,"allocs":129970,"gc_min":0.0,"gc_median":0.0,"memory":9462576,"time_min":9.540958e6},"benchmark_jump_creating_variable_array":{"time_median":567666.5,"allocs":10136,"gc_min":0.0,"gc_median":0.0,"memory":583472,"time_min":558333.0},"gurobi_facility.jl 50":{"time_median":1.38448855e10,"allocs":80,"gc_min":0.0,"gc_median":0.0,"memory":3472,"time_min":1.38448855e10},"inverse_ising_expr.jl rple":{"time_median":1.173160575e10,"allocs":74,"gc_min":0.0,"gc_median":0.0,"memory":3168,"time_min":1.173160575e10},"inverse_ising_expr.jl rise":{"time_median":1.1798072666e10,"allocs":75,"gc_min":0.0,"gc_median":0.0,"memory":3472,"time_min":1.1798072666e10},"benchmark_matrix_sum_050":{"time_median":1.297208e6,"allocs":22665,"gc_min":0.0,"gc_median":0.0,"memory":1475856,"time_min":1.270083e6},"benchmark_sparse_axis_constraints_iterate":{"time_median":1.858958e6,"allocs":39232,"gc_min":0.0,"gc_median":0.0,"memory":2867776,"time_min":1.836084e6},"benchmark_ipopt_fractional_power":{"time_median":3.53625e6,"allocs":1800,"gc_min":0.0,"gc_median":0.0,"memory":95744,"time_min":3.447667e6},"gurobi_facility.jl 25":{"time_median":1.039411625e10,"allocs":80,"gc_min":0.0,"gc_median":0.0,"memory":3472,"time_min":1.039411625e10},"benchmark_matrix_sum_010":{"time_median":55750.0,"allocs":1035,"gc_min":0.0,"gc_median":0.0,"memory":70976,"time_min":53833.0},"power_models_opf_acp.jl pglib_opf_case5_pjm":{"time_median":2.2584149209e10,"allocs":74,"gc_min":0.0,"gc_median":0.0,"memory":3168,"time_min":2.2584149209e10},"inverse_ising_register.jl rise":{"time_median":1.2155650375e10,"allocs":74,"gc_min":0.0,"gc_median":0.0,"memory":3168,"time_min":1.2155650375e10},"ipopt_clnlbeam.jl 50":{"time_median":1.3986147625e10,"allocs":80,"gc_min":0.0,"gc_median":0.0,"memory":3472,"time_min":1.3986147625e10},"benchmark_matrix_affine_product_010":{"time_median":156208.0,"allocs":2006,"gc_min":0.0,"gc_median":0.0,"memory":231120,"time_min":153541.0},"ipopt_clnlbeam.jl 5":{"time_median":1.118316575e10,"allocs":80,"gc_min":0.0,"gc_median":0.0,"memory":3472,"time_min":1.118316575e10}}