{"benchmark_p_median":{"time_median":4.452007e9,"allocs":8661748,"gc_min":1.223992208e9,"gc_median":1.223992208e9,"memory":733717027,"time_min":4.452007e9},"gurobi_facility.jl 75":{"time_median":8.02325729875e11,"allocs":465,"gc_min":0.0,"gc_median":0.0,"memory":21776,"time_min":8.02325729875e11},"inverse_ising_register.jl logrise":{"time_median":1.34948086458e11,"allocs":74,"gc_min":0.0,"gc_median":0.0,"memory":3168,"time_min":1.34948086458e11},"benchmark_print_AffExpr":{"time_median":284333.5,"allocs":1386,"gc_min":0.0,"gc_median":0.0,"memory":95120,"time_min":248958.0},"benchmark_vector_sum_010":{"time_median":24375.0,"allocs":192,"gc_min":0.0,"gc_median":0.0,"memory":16304,"time_min":21027.666666666668},"gurobi_lqcp.jl 2000":{"time_median":7.20453332791e11,"allocs":81,"gc_min":0.0,"gc_median":0.0,"memory":3456,"time_min":7.20453332791e11},"benchmark_print_small_model":{"time_median":587667.0,"allocs":2722,"gc_min":0.0,"gc_median":0.0,"memory":185968,"time_min":485292.0},"benchmark_matrix_quadratic_product_010":{"time_median":3.883854e6,"allocs":3607,"gc_min":0.0,"gc_median":0.0,"memory":1059232,"time_min":3.641416e6},"benchmark_sparse_axis_constraints_index":{"time_median":7.167381458e9,"allocs":6747273,"gc_min":3.58688626e8,"gc_median":3.58688626e8,"memory":556409989,"time_min":7.167381458e9},"inverse_ising_expr.jl logrise":{"time_median":5.06665685708e11,"allocs":74,"gc_min":0.0,"gc_median":0.0,"memory":3168,"time_min":5.06665685708e11},"benchmark_macro_quad_010":{"time_median":7.40268955e7,"allocs":204293,"gc_min":0.0,"gc_median":0.0,"memory":17176832,"time_min":6.8185958e7},"gurobi_lqcp.jl 500":{"time_median":1.70450238291e11,"allocs":80,"gc_min":0.0,"gc_median":0.0,"memory":3440,"time_min":1.70450238291e11},"ipopt_jump_2788.jl 800":{"time_median":1.28158659584e11,"allocs":81,"gc_min":0.0,"gc_median":0.0,"memory":3488,"time_min":1.28158659584e11},"benchmark_jump_creating_variable_dense_axis_array":{"time_median":1.5020835e6,"allocs":10137,"gc_min":0.0,"gc_median":0.0,"memory":583536,"time_min":1.360709e6},"ipopt_jump_2788.jl 200":{"time_median":3.6285964792e10,"allocs":80,"gc_min":0.0,"gc_median":0.0,"memory":3472,"time_min":3.6285964792e10},"inverse_ising_register.jl rple":{"time_median":4.0856329625e10,"allocs":74,"gc_min":0.0,"gc_median":0.0,"memory":3168,"time_min":4.0856329625e10},"benchmark_matrix_affine_product_050":{"time_median":5.07645625e7,"allocs":57626,"gc_min":0.0,"gc_median":0.0,"memory":19987344,"time_min":4.760675e7},"benchmark_array_sum_010":{"time_median":1.5626455e6,"allocs":11156,"gc_min":0.0,"gc_median":0.0,"memory":763808,"time_min":1.419291e6},"ipopt_jump_2788.jl 400":{"time_median":1.032262114125e12,"allocs":80,"gc_min":0.0,"gc_median":0.0,"memory":3472,"time_min":1.032262114125e12},"benchmark_value_nonlinear_expression":{"time_median":2.2292014e10,"allocs":11256708,"gc_min":1.7165015e9,"gc_median":1.7165015e9,"memory":1894520557,"time_min":2.2292014e10},"benchmark_macro_quad_050":{"time_median":1.0856343625e10,"allocs":24121929,"gc_min":5.39122458e8,"gc_median":5.39122458e8,"memory":2049127040,"time_min":1.0856343625e10},"benchmark_jump_creating_model":{"time_median":7967.666666666667,"allocs":88,"gc_min":0.0,"gc_median":0.0,"memory":9264,"time_min":6921.333333333333},"benchmark_matrix_quadratic_product_050":{"time_median":2.418630167e9,"allocs":117628,"gc_min":4.44313084e8,"gc_median":4.90587709e8,"memory":495967424,"time_min":2.376590875e9},"benchmark_dense_axis_constraints_index":{"time_median":7.734312e6,"allocs":53652,"gc_min":0.0,"gc_median":0.0,"memory":3030624,"time_min":7.293e6},"gurobi_facility.jl 100":{"time_median":6.36016737583e11,"allocs":80,"gc_min":0.0,"gc_median":0.0,"memory":3472,"time_min":6.36016737583e11},"benchmark_print_model":{"time_median":311292.0,"allocs":1434,"gc_min":0.0,"gc_median":0.0,"memory":101840,"time_min":276083.0},"benchmark_jump_creating_small_constraints":{"time_median":1.0449255415e9,"allocs":3697476,"gc_min":2.50405291e8,"gc_median":3.29007229e8,"memory":275222944,"time_min":9.80608125e8},"power_models_opf_acr.jl pglib_opf_case5_pjm":{"time_median":2.16913640875e11,"allocs":74,"gc_min":0.0,"gc_median":0.0,"memory":3168,"time_min":2.16913640875e11},"benchmark_vector_sum_050":{"time_median":83292.0,"allocs":485,"gc_min":0.0,"gc_median":0.0,"memory":44656,"time_min":70250.0},"benchmark_array_sum_050":{"time_median":2.8476325e8,"allocs":1375209,"gc_min":2.3709292e7,"gc_median":5.72808545e7,"memory":82413120,"time_min":2.47871958e8},"ipopt_clnlbeam.jl 500":{"time_median":2.15505966084e11,"allocs":80,"gc_min":0.0,"gc_median":0.0,"memory":3472,"time_min":2.15505966084e11},"benchmark_macro_linear_010":{"time_median":4.19483335e7,"allocs":74093,"gc_min":0.0,"gc_median":0.0,"memory":4900032,"time_min":4.0504875e7},"gurobi_lqcp.jl 1000":{"time_median":9.2435881083e10,"allocs":81,"gc_min":0.0,"gc_median":0.0,"memory":3456,"time_min":9.2435881083e10},"gurobi_lqcp.jl 1500":{"time_median":1.37656579083e11,"allocs":81,"gc_min":0.0,"gc_median":0.0,"memory":3456,"time_min":1.37656579083e11},"benchmark_macro_linear_050":{"time_median":7.411958458e9,"allocs":4913227,"gc_min":3.38376457e8,"gc_median":3.38376457e8,"memory":319168064,"time_min":7.411958458e9},"benchmark_jump_creating_variable_sparse_axis_array":{"time_median":805917.0,"allocs":5136,"gc_min":0.0,"gc_median":0.0,"memory":269648,"time_min":743333.0},"benchmark_dense_axis_constraints_iterate":{"time_median":7.685208e6,"allocs":53652,"gc_min":0.0,"gc_median":0.0,"memory":3030624,"time_min":7.403541e6},"benchmark_print_model_10000":{"time_median":2.5392167e7,"allocs":129970,"gc_min":0.0,"gc_median":0.0,"memory":9462592,"time_min":2.4793959e7},"benchmark_jump_creating_variable_array":{"time_median":1.502375e6,"allocs":10136,"gc_min":0.0,"gc_median":0.0,"memory":583488,"time_min":1.372209e6},"gurobi_facility.jl 50":{"time_median":5.041778675e10,"allocs":80,"gc_min":0.0,"gc_median":0.0,"memory":3472,"time_min":5.041778675e10},"inverse_ising_expr.jl rple":{"time_median":5.2097970333e10,"allocs":74,"gc_min":0.0,"gc_median":0.0,"memory":3168,"time_min":5.2097970333e10},"inverse_ising_expr.jl rise":{"time_median":4.7864715458e10,"allocs":75,"gc_min":0.0,"gc_median":0.0,"memory":3472,"time_min":4.7864715458e10},"benchmark_matrix_sum_050":{"time_median":3.4108755e6,"allocs":22665,"gc_min":0.0,"gc_median":0.0,"memory":1475872,"time_min":3.225167e6},"benchmark_sparse_axis_constraints_iterate":{"time_median":5.3479375e6,"allocs":36740,"gc_min":0.0,"gc_median":0.0,"memory":2348400,"time_min":4.9915e6},"benchmark_ipopt_fractional_power":{"time_median":1.0802187e7,"allocs":1798,"gc_min":0.0,"gc_median":0.0,"memory":95248,"time_min":1.0553792e7},"gurobi_facility.jl 25":{"time_median":5.4841463208e10,"allocs":80,"gc_min":0.0,"gc_median":0.0,"memory":3472,"time_min":5.4841463208e10},"benchmark_matrix_sum_010":{"time_median":150625.0,"allocs":1035,"gc_min":0.0,"gc_median":0.0,"memory":70992,"time_min":136667.0},"power_models_opf_acp.jl pglib_opf_case5_pjm":{"time_median":1.37893964834e11,"allocs":74,"gc_min":0.0,"gc_median":0.0,"memory":3168,"time_min":1.37893964834e11},"inverse_ising_register.jl rise":{"time_median":5.9038949792e10,"allocs":74,"gc_min":0.0,"gc_median":0.0,"memory":3168,"time_min":5.9038949792e10},"ipopt_clnlbeam.jl 50":{"time_median":4.7263764708e10,"allocs":80,"gc_min":0.0,"gc_median":0.0,"memory":3472,"time_min":4.7263764708e10},"benchmark_matrix_affine_product_010":{"time_median":461375.0,"allocs":2006,"gc_min":0.0,"gc_median":0.0,"memory":231136,"time_min":416291.0},"ipopt_clnlbeam.jl 5":{"time_median":6.079288025e10,"allocs":80,"gc_min":0.0,"gc_median":0.0,"memory":3472,"time_min":6.079288025e10}}