{"gurobi_facility.jl 75":{"time_median":2.3116286375e10,"allocs":465,"gc_min":0.0,"gc_median":0.0,"memory":21776,"time_min":2.3116286375e10},"ipopt_clnlbeam.jl 500":{"time_median":4.173556575e10,"allocs":80,"gc_min":0.0,"gc_median":0.0,"memory":3472,"time_min":4.173556575e10},"gurobi_lqcp.jl 1000":{"time_median":1.8165868583e10,"allocs":81,"gc_min":0.0,"gc_median":0.0,"memory":3456,"time_min":1.8165868583e10},"gurobi_lqcp.jl 2000":{"time_median":4.871765325e10,"allocs":81,"gc_min":0.0,"gc_median":0.0,"memory":3456,"time_min":4.871765325e10},"ipopt_jump_2788.jl 400":{"time_median":1.2694071542e10,"allocs":80,"gc_min":0.0,"gc_median":0.0,"memory":3472,"time_min":1.2694071542e10},"gurobi_lqcp.jl 1500":{"time_median":2.9050211625e10,"allocs":81,"gc_min":0.0,"gc_median":0.0,"memory":3456,"time_min":2.9050211625e10},"benchmark_value_nonlinear_expression":{"time_median":7.906366542e9,"allocs":23721128,"gc_min":5.48911583e8,"gc_median":5.48911583e8,"memory":2640223809,"time_min":7.906366542e9},"ipopt_clnlbeam.jl 50":{"time_median":1.4674775834e10,"allocs":80,"gc_min":0.0,"gc_median":0.0,"memory":3472,"time_min":1.4674775834e10},"benchmark_jump_creating_variable_sparse_axis_array":{"time_median":294416.0,"allocs":4640,"gc_min":0.0,"gc_median":0.0,"memory":261920,"time_min":289375.0},"benchmark_jump_creating_model":{"time_median":2699.0,"allocs":92,"gc_min":0.0,"gc_median":0.0,"memory":9536,"time_min":2588.0},"benchmark_jump_creating_variable_array":{"time_median":563083.0,"allocs":9140,"gc_min":0.0,"gc_median":0.0,"memory":567760,"time_min":553584.0},"gurobi_facility.jl 50":{"time_median":1.3298004167e10,"allocs":80,"gc_min":0.0,"gc_median":0.0,"memory":3472,"time_min":1.3298004167e10},"gurobi_facility.jl 100":{"time_median":4.2440876708e10,"allocs":80,"gc_min":0.0,"gc_median":0.0,"memory":3472,"time_min":4.2440876708e10},"gurobi_lqcp.jl 500":{"time_median":1.1634349042e10,"allocs":80,"gc_min":0.0,"gc_median":0.0,"memory":3440,"time_min":1.1634349042e10},"benchmark_jump_creating_small_constraints":{"time_median":2.9508875e8,"allocs":3997053,"gc_min":4.8996167e7,"gc_median":7.2518084e7,"memory":276318416,"time_min":2.70283166e8},"ipopt_jump_2788.jl 800":{"time_median":1.2451333125e10,"allocs":81,"gc_min":0.0,"gc_median":0.0,"memory":3488,"time_min":1.2451333125e10},"benchmark_jump_creating_variable_dense_axis_array":{"time_median":564458.0,"allocs":9141,"gc_min":0.0,"gc_median":0.0,"memory":567808,"time_min":554042.0},"ipopt_jump_2788.jl 200":{"time_median":1.1674609583e10,"allocs":80,"gc_min":0.0,"gc_median":0.0,"memory":3472,"time_min":1.1674609583e10},"ipopt_clnlbeam.jl 5":{"time_median":1.1784361459e10,"allocs":80,"gc_min":0.0,"gc_median":0.0,"memory":3472,"time_min":1.1784361459e10},"gurobi_facility.jl 25":{"time_median":1.02937415e10,"allocs":80,"gc_min":0.0,"gc_median":0.0,"memory":3472,"time_min":1.02937415e10},"power_models_opf_acp.jl pglib_opf_case5_pjm":{"time_median":2.346728725e10,"allocs":74,"gc_min":0.0,"gc_median":0.0,"memory":3168,"time_min":2.346728725e10}}