{"benchmark_p_median":{"time_median":7.98337917e8,"allocs":9014167,"gc_min":1.51076751e8,"gc_median":1.87921708e8,"memory":711984416,"time_min":7.54917416e8},"gurobi_facility.jl 75":{"time_median":2.2977413958e10,"allocs":465,"gc_min":0.0,"gc_median":0.0,"memory":21776,"time_min":2.2977413958e10},"benchmark_print_AffExpr":{"time_median":129000.0,"allocs":1791,"gc_min":0.0,"gc_median":0.0,"memory":141648,"time_min":126167.0},"benchmark_vector_sum_010":{"time_median":8625.0,"allocs":198,"gc_min":0.0,"gc_median":0.0,"memory":16608,"time_min":8208.0},"gurobi_lqcp.jl 2000":{"time_median":4.852969025e10,"allocs":81,"gc_min":0.0,"gc_median":0.0,"memory":3456,"time_min":4.852969025e10},"benchmark_print_small_model":{"time_median":233916.0,"allocs":3355,"gc_min":0.0,"gc_median":0.0,"memory":259248,"time_min":230500.0},"benchmark_matrix_quadratic_product_010":{"time_median":1.343375e6,"allocs":3611,"gc_min":0.0,"gc_median":0.0,"memory":1059504,"time_min":1.326583e6},"benchmark_sparse_axis_constraints_index":{"time_median":1.869125e6,"allocs":39236,"gc_min":0.0,"gc_median":0.0,"memory":2868064,"time_min":1.848333e6},"benchmark_macro_quad_010":{"time_median":1.9488458e7,"allocs":179917,"gc_min":0.0,"gc_median":0.0,"memory":14445584,"time_min":1.9324709e7},"gurobi_lqcp.jl 500":{"time_median":1.1668615208e10,"allocs":80,"gc_min":0.0,"gc_median":0.0,"memory":3440,"time_min":1.1668615208e10},"ipopt_jump_2788.jl 800":{"time_median":1.2461535417e10,"allocs":81,"gc_min":0.0,"gc_median":0.0,"memory":3488,"time_min":1.2461535417e10},"benchmark_jump_creating_variable_dense_axis_array":{"time_median":594042.0,"allocs":10141,"gc_min":0.0,"gc_median":0.0,"memory":583808,"time_min":583667.0},"ipopt_jump_2788.jl 200":{"time_median":1.1725512125e10,"allocs":80,"gc_min":0.0,"gc_median":0.0,"memory":3472,"time_min":1.1725512125e10},"benchmark_matrix_affine_product_050":{"time_median":1.6142416e7,"allocs":57630,"gc_min":0.0,"gc_median":0.0,"memory":19987616,"time_min":1.5664916e7},"benchmark_array_sum_010":{"time_median":581833.0,"allocs":11161,"gc_min":0.0,"gc_median":0.0,"memory":764096,"time_min":572833.0},"ipopt_jump_2788.jl 400":{"time_median":1.2405590875e10,"allocs":80,"gc_min":0.0,"gc_median":0.0,"memory":3472,"time_min":1.2405590875e10},"benchmark_value_nonlinear_expression":{"time_median":6.934101458e9,"allocs":20554143,"gc_min":3.89816041e8,"gc_median":3.89816041e8,"memory":2421636640,"time_min":6.934101458e9},"benchmark_macro_quad_050":{"time_median":2.901261521e9,"allocs":20520343,"gc_min":1.45967334e8,"gc_median":2.23751709e8,"memory":1645749232,"time_min":2.825557875e9},"benchmark_jump_creating_model":{"time_median":2726.777777777778,"allocs":92,"gc_min":0.0,"gc_median":0.0,"memory":9536,"time_min":2592.6666666666665},"benchmark_matrix_quadratic_product_050":{"time_median":7.77636584e8,"allocs":117632,"gc_min":5.3496376e7,"gc_median":1.18499459e8,"memory":495967696,"time_min":7.03215875e8},"benchmark_dense_axis_constraints_index":{"time_median":2.76625e6,"allocs":58643,"gc_min":0.0,"gc_median":0.0,"memory":4069248,"time_min":2.73075e6},"gurobi_facility.jl 100":{"time_median":4.22523725e10,"allocs":80,"gc_min":0.0,"gc_median":0.0,"memory":3472,"time_min":4.22523725e10},"benchmark_print_model":{"time_median":134375.0,"allocs":1830,"gc_min":0.0,"gc_median":0.0,"memory":148032,"time_min":131750.0},"benchmark_jump_creating_small_constraints":{"time_median":2.838555e8,"allocs":4097053,"gc_min":4.342125e7,"gc_median":6.3584709e7,"memory":277918416,"time_min":2.58412417e8},"benchmark_vector_sum_050":{"time_median":29292.0,"allocs":491,"gc_min":0.0,"gc_median":0.0,"memory":44960,"time_min":28000.0},"benchmark_array_sum_050":{"time_median":8.6881709e7,"allocs":1375214,"gc_min":5.905166e6,"gc_median":8.153e6,"memory":82413408,"time_min":8.3661958e7},"ipopt_clnlbeam.jl 500":{"time_median":4.1846174958e10,"allocs":80,"gc_min":0.0,"gc_median":0.0,"memory":3472,"time_min":4.1846174958e10},"benchmark_macro_linear_010":{"time_median":1.5580375e7,"allocs":74107,"gc_min":0.0,"gc_median":0.0,"memory":4900464,"time_min":1.550825e7},"gurobi_lqcp.jl 1000":{"time_median":1.8152500667e10,"allocs":81,"gc_min":0.0,"gc_median":0.0,"memory":3456,"time_min":1.8152500667e10},"gurobi_lqcp.jl 1500":{"time_median":2.9399573833e10,"allocs":81,"gc_min":0.0,"gc_median":0.0,"memory":3456,"time_min":2.9399573833e10},"benchmark_macro_linear_050":{"time_median":2.085488833e9,"allocs":4913241,"gc_min":5.3656375e7,"gc_median":5.5913542e7,"memory":319168496,"time_min":2.077640667e9},"benchmark_jump_creating_variable_sparse_axis_array":{"time_median":311792.0,"allocs":5140,"gc_min":0.0,"gc_median":0.0,"memory":269920,"time_min":306541.0},"benchmark_dense_axis_constraints_iterate":{"time_median":2.770375e6,"allocs":58643,"gc_min":0.0,"gc_median":0.0,"memory":4069248,"time_min":2.735916e6},"benchmark_print_model_10000":{"time_median":1.24498545e7,"allocs":169967,"gc_min":0.0,"gc_median":0.0,"memory":14102224,"time_min":1.237025e7},"benchmark_jump_creating_variable_array":{"time_median":594958.0,"allocs":10140,"gc_min":0.0,"gc_median":0.0,"memory":583760,"time_min":585375.0},"gurobi_facility.jl 50":{"time_median":1.374896725e10,"allocs":80,"gc_min":0.0,"gc_median":0.0,"memory":3472,"time_min":1.374896725e10},"benchmark_matrix_sum_050":{"time_median":1.310209e6,"allocs":22670,"gc_min":0.0,"gc_median":0.0,"memory":1476160,"time_min":1.279417e6},"benchmark_sparse_axis_constraints_iterate":{"time_median":1.873584e6,"allocs":39236,"gc_min":0.0,"gc_median":0.0,"memory":2868064,"time_min":1.848625e6},"gurobi_facility.jl 25":{"time_median":1.0551671834e10,"allocs":80,"gc_min":0.0,"gc_median":0.0,"memory":3472,"time_min":1.0551671834e10},"benchmark_matrix_sum_010":{"time_median":56542.0,"allocs":1041,"gc_min":0.0,"gc_median":0.0,"memory":71296,"time_min":54917.0},"power_models_opf_acp.jl pglib_opf_case5_pjm":{"time_median":2.3469647708e10,"allocs":74,"gc_min":0.0,"gc_median":0.0,"memory":3168,"time_min":2.3469647708e10},"ipopt_clnlbeam.jl 50":{"time_median":1.4666273709e10,"allocs":80,"gc_min":0.0,"gc_median":0.0,"memory":3472,"time_min":1.4666273709e10},"benchmark_matrix_affine_product_010":{"time_median":160542.0,"allocs":2010,"gc_min":0.0,"gc_median":0.0,"memory":231408,"time_min":158708.0},"ipopt_clnlbeam.jl 5":{"time_median":1.1855417125e10,"allocs":80,"gc_min":0.0,"gc_median":0.0,"memory":3472,"time_min":1.1855417125e10}}