{"benchmark_p_median":{"time_median":4.410125458e9,"allocs":8661412,"gc_min":1.224968042e9,"gc_median":1.224968042e9,"memory":733700083,"time_min":4.410125458e9},"gurobi_facility.jl 75":{"time_median":8.364504e10,"allocs":465,"gc_min":0.0,"gc_median":0.0,"memory":21776,"time_min":8.364504e10},"inverse_ising_register.jl logrise":{"time_median":4.0571272333e10,"allocs":74,"gc_min":0.0,"gc_median":0.0,"memory":3168,"time_min":4.0571272333e10},"benchmark_print_AffExpr":{"time_median":291458.0,"allocs":1386,"gc_min":0.0,"gc_median":0.0,"memory":95120,"time_min":260042.0},"benchmark_vector_sum_010":{"time_median":25277.666666666668,"allocs":192,"gc_min":0.0,"gc_median":0.0,"memory":16304,"time_min":21555.333333333332},"gurobi_lqcp.jl 2000":{"time_median":1.68962311209e11,"allocs":81,"gc_min":0.0,"gc_median":0.0,"memory":3456,"time_min":1.68962311209e11},"benchmark_print_small_model":{"time_median":571542.0,"allocs":2722,"gc_min":0.0,"gc_median":0.0,"memory":185968,"time_min":513666.0},"benchmark_matrix_quadratic_product_010":{"time_median":3.8490625e6,"allocs":3607,"gc_min":0.0,"gc_median":0.0,"memory":1059232,"time_min":3.534334e6},"benchmark_sparse_axis_constraints_index":{"time_median":7.208032416e9,"allocs":6740396,"gc_min":3.37980668e8,"gc_median":3.37980668e8,"memory":556002853,"time_min":7.208032416e9},"inverse_ising_expr.jl logrise":{"time_median":3.9555150333e10,"allocs":74,"gc_min":0.0,"gc_median":0.0,"memory":3168,"time_min":3.9555150333e10},"benchmark_macro_quad_010":{"time_median":7.2384167e7,"allocs":204293,"gc_min":0.0,"gc_median":0.0,"memory":17176832,"time_min":6.4429917e7},"gurobi_lqcp.jl 500":{"time_median":3.9027111125e10,"allocs":80,"gc_min":0.0,"gc_median":0.0,"memory":3440,"time_min":3.9027111125e10},"ipopt_jump_2788.jl 800":{"time_median":3.8602570209e10,"allocs":81,"gc_min":0.0,"gc_median":0.0,"memory":3488,"time_min":3.8602570209e10},"benchmark_jump_creating_variable_dense_axis_array":{"time_median":1.5743335e6,"allocs":10137,"gc_min":0.0,"gc_median":0.0,"memory":583536,"time_min":1.456e6},"ipopt_jump_2788.jl 200":{"time_median":3.5965281209e10,"allocs":80,"gc_min":0.0,"gc_median":0.0,"memory":3472,"time_min":3.5965281209e10},"inverse_ising_register.jl rple":{"time_median":4.0503006417e10,"allocs":74,"gc_min":0.0,"gc_median":0.0,"memory":3168,"time_min":4.0503006417e10},"benchmark_matrix_affine_product_050":{"time_median":5.030275e7,"allocs":57626,"gc_min":0.0,"gc_median":0.0,"memory":19987344,"time_min":4.4104625e7},"benchmark_array_sum_010":{"time_median":1.617083e6,"allocs":11156,"gc_min":0.0,"gc_median":0.0,"memory":763808,"time_min":1.485167e6},"ipopt_jump_2788.jl 400":{"time_median":3.8597814792e10,"allocs":80,"gc_min":0.0,"gc_median":0.0,"memory":3472,"time_min":3.8597814792e10},"benchmark_value_nonlinear_expression":{"time_median":1.8155911417e10,"allocs":11247337,"gc_min":1.292120211e9,"gc_median":1.292120211e9,"memory":1893995565,"time_min":1.8155911417e10},"benchmark_macro_quad_050":{"time_median":1.0582975125e10,"allocs":24121929,"gc_min":5.58675295e8,"gc_median":5.58675295e8,"memory":2049127040,"time_min":1.0582975125e10},"benchmark_jump_creating_model":{"time_median":8083.333333333333,"allocs":88,"gc_min":0.0,"gc_median":0.0,"memory":9264,"time_min":6986.111111111111},"benchmark_matrix_quadratic_product_050":{"time_median":2.403955333e9,"allocs":117628,"gc_min":4.33519083e8,"gc_median":4.84915667e8,"memory":495967424,"time_min":2.359233792e9},"benchmark_dense_axis_constraints_index":{"time_median":7.94775e6,"allocs":53652,"gc_min":0.0,"gc_median":0.0,"memory":3030624,"time_min":7.584833e6},"gurobi_facility.jl 100":{"time_median":1.63168830958e11,"allocs":80,"gc_min":0.0,"gc_median":0.0,"memory":3472,"time_min":1.63168830958e11},"benchmark_print_model":{"time_median":319375.0,"allocs":1434,"gc_min":0.0,"gc_median":0.0,"memory":101840,"time_min":284125.0},"benchmark_jump_creating_small_constraints":{"time_median":1.077765583e9,"allocs":3697476,"gc_min":2.49905375e8,"gc_median":3.374313125e8,"memory":275222944,"time_min":1.020415e9},"power_models_opf_acr.jl pglib_opf_case5_pjm":{"time_median":6.866780125e10,"allocs":74,"gc_min":0.0,"gc_median":0.0,"memory":3168,"time_min":6.866780125e10},"benchmark_vector_sum_050":{"time_median":84167.0,"allocs":485,"gc_min":0.0,"gc_median":0.0,"memory":44656,"time_min":72250.0},"benchmark_array_sum_050":{"time_median":2.905319165e8,"allocs":1375209,"gc_min":2.3730833e7,"gc_median":5.74231245e7,"memory":82413120,"time_min":2.50657875e8},"ipopt_clnlbeam.jl 500":{"time_median":1.59439052708e11,"allocs":80,"gc_min":0.0,"gc_median":0.0,"memory":3472,"time_min":1.59439052708e11},"benchmark_macro_linear_010":{"time_median":4.79085835e7,"allocs":74093,"gc_min":0.0,"gc_median":0.0,"memory":4900032,"time_min":4.1853708e7},"gurobi_lqcp.jl 1000":{"time_median":6.0758673042e10,"allocs":81,"gc_min":0.0,"gc_median":0.0,"memory":3456,"time_min":6.0758673042e10},"gurobi_lqcp.jl 1500":{"time_median":1.03746353958e11,"allocs":81,"gc_min":0.0,"gc_median":0.0,"memory":3456,"time_min":1.03746353958e11},"benchmark_macro_linear_050":{"time_median":6.745324e9,"allocs":4913227,"gc_min":3.39206041e8,"gc_median":3.39206041e8,"memory":319168064,"time_min":6.745324e9},"benchmark_jump_creating_variable_sparse_axis_array":{"time_median":849938.0,"allocs":5136,"gc_min":0.0,"gc_median":0.0,"memory":269648,"time_min":777792.0},"benchmark_dense_axis_constraints_iterate":{"time_median":7.9373335e6,"allocs":53652,"gc_min":0.0,"gc_median":0.0,"memory":3030624,"time_min":7.5765e6},"benchmark_print_model_10000":{"time_median":2.58521875e7,"allocs":129970,"gc_min":0.0,"gc_median":0.0,"memory":9462592,"time_min":2.5185625e7},"benchmark_jump_creating_variable_array":{"time_median":1.575083e6,"allocs":10136,"gc_min":0.0,"gc_median":0.0,"memory":583488,"time_min":1.462708e6},"gurobi_facility.jl 50":{"time_median":4.827058225e10,"allocs":80,"gc_min":0.0,"gc_median":0.0,"memory":3472,"time_min":4.827058225e10},"inverse_ising_expr.jl rple":{"time_median":3.8959748834e10,"allocs":74,"gc_min":0.0,"gc_median":0.0,"memory":3168,"time_min":3.8959748834e10},"inverse_ising_expr.jl rise":{"time_median":3.9136702708e10,"allocs":75,"gc_min":0.0,"gc_median":0.0,"memory":3472,"time_min":3.9136702708e10},"benchmark_matrix_sum_050":{"time_median":3.533458e6,"allocs":22665,"gc_min":0.0,"gc_median":0.0,"memory":1475872,"time_min":3.352042e6},"benchmark_sparse_axis_constraints_iterate":{"time_median":5.4514795e6,"allocs":36735,"gc_min":0.0,"gc_median":0.0,"memory":2278480,"time_min":5.024083e6},"benchmark_ipopt_fractional_power":{"time_median":1.08971665e7,"allocs":1798,"gc_min":0.0,"gc_median":0.0,"memory":95248,"time_min":1.0580375e7},"gurobi_facility.jl 25":{"time_median":3.5492113291e10,"allocs":80,"gc_min":0.0,"gc_median":0.0,"memory":3472,"time_min":3.5492113291e10},"benchmark_matrix_sum_010":{"time_median":157958.0,"allocs":1035,"gc_min":0.0,"gc_median":0.0,"memory":70992,"time_min":140083.0},"power_models_opf_acp.jl pglib_opf_case5_pjm":{"time_median":7.5502001875e10,"allocs":74,"gc_min":0.0,"gc_median":0.0,"memory":3168,"time_min":7.5502001875e10},"inverse_ising_register.jl rise":{"time_median":4.0615707042e10,"allocs":74,"gc_min":0.0,"gc_median":0.0,"memory":3168,"time_min":4.0615707042e10},"ipopt_clnlbeam.jl 50":{"time_median":4.689391275e10,"allocs":80,"gc_min":0.0,"gc_median":0.0,"memory":3472,"time_min":4.689391275e10},"benchmark_matrix_affine_product_010":{"time_median":470583.0,"allocs":2006,"gc_min":0.0,"gc_median":0.0,"memory":231136,"time_min":417542.0},"ipopt_clnlbeam.jl 5":{"time_median":3.7580170167e10,"allocs":80,"gc_min":0.0,"gc_median":0.0,"memory":3472,"time_min":3.7580170167e10}}