{"benchmark_p_median":{"time_median":4.199859333e9,"allocs":8660579,"gc_min":1.191510042e9,"gc_median":1.191510042e9,"memory":733663919,"time_min":4.199859333e9},"gurobi_facility.jl 75":{"time_median":1.351394175e11,"allocs":465,"gc_min":0.0,"gc_median":0.0,"memory":21776,"time_min":1.351394175e11},"benchmark_print_AffExpr":{"time_median":262750.0,"allocs":1386,"gc_min":0.0,"gc_median":0.0,"memory":95104,"time_min":245542.0},"benchmark_vector_sum_010":{"time_median":25375.0,"allocs":192,"gc_min":0.0,"gc_median":0.0,"memory":16288,"time_min":21083.0},"gurobi_lqcp.jl 2000":{"time_median":3.80198683325e12,"allocs":81,"gc_min":0.0,"gc_median":0.0,"memory":3456,"time_min":3.80198683325e12},"benchmark_print_small_model":{"time_median":534562.5,"allocs":2722,"gc_min":0.0,"gc_median":0.0,"memory":185952,"time_min":495959.0},"benchmark_matrix_quadratic_product_010":{"time_median":3.627646e6,"allocs":3607,"gc_min":0.0,"gc_median":0.0,"memory":1059216,"time_min":3.563417e6},"benchmark_sparse_axis_constraints_index":{"time_median":6.295581875e9,"allocs":6607118,"gc_min":3.01345082e8,"gc_median":3.01345082e8,"memory":434992077,"time_min":6.295581875e9},"benchmark_macro_quad_010":{"time_median":6.4189958e7,"allocs":204293,"gc_min":0.0,"gc_median":0.0,"memory":17176816,"time_min":6.3059458e7},"gurobi_lqcp.jl 500":{"time_median":5.5848585458e10,"allocs":80,"gc_min":0.0,"gc_median":0.0,"memory":3440,"time_min":5.5848585458e10},"ipopt_jump_2788.jl 800":{"time_median":4.5129003125e10,"allocs":81,"gc_min":0.0,"gc_median":0.0,"memory":3488,"time_min":4.5129003125e10},"benchmark_jump_creating_variable_dense_axis_array":{"time_median":1.4031665e6,"allocs":10137,"gc_min":0.0,"gc_median":0.0,"memory":583520,"time_min":1.338666e6},"ipopt_jump_2788.jl 200":{"time_median":5.801208725e10,"allocs":80,"gc_min":0.0,"gc_median":0.0,"memory":3472,"time_min":5.801208725e10},"benchmark_matrix_affine_product_050":{"time_median":4.5350541e7,"allocs":57626,"gc_min":0.0,"gc_median":0.0,"memory":19987328,"time_min":4.3278958e7},"benchmark_array_sum_010":{"time_median":1.460229e6,"allocs":11156,"gc_min":0.0,"gc_median":0.0,"memory":763792,"time_min":1.379042e6},"ipopt_jump_2788.jl 400":{"time_median":1.15437783792e11,"allocs":80,"gc_min":0.0,"gc_median":0.0,"memory":3472,"time_min":1.15437783792e11},"benchmark_value_nonlinear_expression":{"time_median":1.70079426333e11,"allocs":11262919,"gc_min":1.53917122249e11,"gc_median":1.53917122249e11,"memory":1894934845,"time_min":1.70079426333e11},"benchmark_macro_quad_050":{"time_median":9.795728792e9,"allocs":24121929,"gc_min":5.09288372e8,"gc_median":5.09288372e8,"memory":2049127024,"time_min":9.795728792e9},"benchmark_jump_creating_model":{"time_median":7717.666666666667,"allocs":88,"gc_min":0.0,"gc_median":0.0,"memory":9248,"time_min":6777.777777777777},"benchmark_matrix_quadratic_product_050":{"time_median":2.168838791e9,"allocs":117628,"gc_min":4.80392417e8,"gc_median":4.8049675e8,"memory":495967408,"time_min":2.16048525e9},"benchmark_dense_axis_constraints_index":{"time_median":8.066792e6,"allocs":58639,"gc_min":0.0,"gc_median":0.0,"memory":4068960,"time_min":7.757542e6},"gurobi_facility.jl 100":{"time_median":1.044043195875e12,"allocs":80,"gc_min":0.0,"gc_median":0.0,"memory":3472,"time_min":1.044043195875e12},"benchmark_print_model":{"time_median":290083.0,"allocs":1434,"gc_min":0.0,"gc_median":0.0,"memory":101824,"time_min":268791.0},"benchmark_jump_creating_small_constraints":{"time_median":1.0016644375e9,"allocs":3697476,"gc_min":2.29412083e8,"gc_median":3.313382915e8,"memory":275222928,"time_min":9.19948875e8},"benchmark_vector_sum_050":{"time_median":76250.0,"allocs":485,"gc_min":0.0,"gc_median":0.0,"memory":44640,"time_min":67125.0},"benchmark_array_sum_050":{"time_median":2.77115917e8,"allocs":1375209,"gc_min":2.729875e7,"gc_median":5.9116833e7,"memory":82413104,"time_min":2.36887375e8},"ipopt_clnlbeam.jl 500":{"time_median":8.90298335e11,"allocs":80,"gc_min":0.0,"gc_median":0.0,"memory":3472,"time_min":8.90298335e11},"benchmark_macro_linear_010":{"time_median":4.3697625e7,"allocs":74093,"gc_min":0.0,"gc_median":0.0,"memory":4900016,"time_min":4.2409542e7},"gurobi_lqcp.jl 1000":{"time_median":1.05923904541e11,"allocs":81,"gc_min":0.0,"gc_median":0.0,"memory":3456,"time_min":1.05923904541e11},"gurobi_lqcp.jl 1500":{"time_median":1.86811361083e11,"allocs":81,"gc_min":0.0,"gc_median":0.0,"memory":3456,"time_min":1.86811361083e11},"benchmark_macro_linear_050":{"time_median":6.306717708e9,"allocs":4913227,"gc_min":3.31611627e8,"gc_median":3.31611627e8,"memory":319168048,"time_min":6.306717708e9},"benchmark_jump_creating_variable_sparse_axis_array":{"time_median":730625.0,"allocs":5136,"gc_min":0.0,"gc_median":0.0,"memory":269632,"time_min":703375.0},"benchmark_dense_axis_constraints_iterate":{"time_median":8.059791e6,"allocs":58639,"gc_min":0.0,"gc_median":0.0,"memory":4068960,"time_min":7.713e6},"benchmark_print_model_10000":{"time_median":2.4363042e7,"allocs":129970,"gc_min":0.0,"gc_median":0.0,"memory":9462576,"time_min":2.3865959e7},"benchmark_jump_creating_variable_array":{"time_median":1.390396e6,"allocs":10136,"gc_min":0.0,"gc_median":0.0,"memory":583472,"time_min":1.3395e6},"gurobi_facility.jl 50":{"time_median":8.09461286333e11,"allocs":80,"gc_min":0.0,"gc_median":0.0,"memory":3472,"time_min":8.09461286333e11},"benchmark_matrix_sum_050":{"time_median":3.156979e6,"allocs":22665,"gc_min":0.0,"gc_median":0.0,"memory":1475856,"time_min":3.045625e6},"benchmark_sparse_axis_constraints_iterate":{"time_median":5.483292e6,"allocs":39227,"gc_min":0.0,"gc_median":0.0,"memory":2797856,"time_min":5.261916e6},"gurobi_facility.jl 25":{"time_median":3.5018714833e10,"allocs":80,"gc_min":0.0,"gc_median":0.0,"memory":3472,"time_min":3.5018714833e10},"benchmark_matrix_sum_010":{"time_median":141666.0,"allocs":1035,"gc_min":0.0,"gc_median":0.0,"memory":70976,"time_min":130792.0},"power_models_opf_acp.jl pglib_opf_case5_pjm":{"time_median":6.17818454416e11,"allocs":74,"gc_min":0.0,"gc_median":0.0,"memory":3168,"time_min":6.17818454416e11},"ipopt_clnlbeam.jl 50":{"time_median":6.6557341542e10,"allocs":80,"gc_min":0.0,"gc_median":0.0,"memory":3472,"time_min":6.6557341542e10},"benchmark_matrix_affine_product_010":{"time_median":452125.0,"allocs":2006,"gc_min":0.0,"gc_median":0.0,"memory":231120,"time_min":413666.0},"ipopt_clnlbeam.jl 5":{"time_median":7.3214284916e10,"allocs":80,"gc_min":0.0,"gc_median":0.0,"memory":3472,"time_min":7.3214284916e10}}