{"benchmark_p_median":{"time_median":4.430515e9,"allocs":8661345,"gc_min":1.241041541e9,"gc_median":1.241041541e9,"memory":733696339,"time_min":4.430515e9},"gurobi_facility.jl 75":{"time_median":8.61422295e10,"allocs":465,"gc_min":0.0,"gc_median":0.0,"memory":21776,"time_min":8.61422295e10},"inverse_ising_register.jl logrise":{"time_median":4.1386400958e10,"allocs":74,"gc_min":0.0,"gc_median":0.0,"memory":3168,"time_min":4.1386400958e10},"benchmark_print_AffExpr":{"time_median":287187.5,"allocs":1386,"gc_min":0.0,"gc_median":0.0,"memory":95120,"time_min":250584.0},"benchmark_vector_sum_010":{"time_median":25236.0,"allocs":192,"gc_min":0.0,"gc_median":0.0,"memory":16304,"time_min":22153.0},"gurobi_lqcp.jl 2000":{"time_median":1.662895375e11,"allocs":81,"gc_min":0.0,"gc_median":0.0,"memory":3456,"time_min":1.662895375e11},"benchmark_print_small_model":{"time_median":575625.0,"allocs":2722,"gc_min":0.0,"gc_median":0.0,"memory":185968,"time_min":513833.0},"benchmark_matrix_quadratic_product_010":{"time_median":3.863833e6,"allocs":3607,"gc_min":0.0,"gc_median":0.0,"memory":1059232,"time_min":3.586209e6},"benchmark_sparse_axis_constraints_index":{"time_median":7.225319875e9,"allocs":6744032,"gc_min":3.60609875e8,"gc_median":3.60609875e8,"memory":556526517,"time_min":7.225319875e9},"inverse_ising_expr.jl logrise":{"time_median":3.9810523458e10,"allocs":74,"gc_min":0.0,"gc_median":0.0,"memory":3168,"time_min":3.9810523458e10},"benchmark_macro_quad_010":{"time_median":7.0984541e7,"allocs":204293,"gc_min":0.0,"gc_median":0.0,"memory":17176832,"time_min":6.8549833e7},"gurobi_lqcp.jl 500":{"time_median":3.9422022333e10,"allocs":80,"gc_min":0.0,"gc_median":0.0,"memory":3440,"time_min":3.9422022333e10},"ipopt_jump_2788.jl 800":{"time_median":3.9407411084e10,"allocs":81,"gc_min":0.0,"gc_median":0.0,"memory":3488,"time_min":3.9407411084e10},"benchmark_jump_creating_variable_dense_axis_array":{"time_median":1.494833e6,"allocs":10137,"gc_min":0.0,"gc_median":0.0,"memory":583536,"time_min":1.33675e6},"ipopt_jump_2788.jl 200":{"time_median":3.6685700167e10,"allocs":80,"gc_min":0.0,"gc_median":0.0,"memory":3472,"time_min":3.6685700167e10},"inverse_ising_register.jl rple":{"time_median":4.1074807667e10,"allocs":74,"gc_min":0.0,"gc_median":0.0,"memory":3168,"time_min":4.1074807667e10},"benchmark_matrix_affine_product_050":{"time_median":5.0428083e7,"allocs":57626,"gc_min":0.0,"gc_median":0.0,"memory":19987344,"time_min":4.759875e7},"benchmark_array_sum_010":{"time_median":1.587833e6,"allocs":11156,"gc_min":0.0,"gc_median":0.0,"memory":763808,"time_min":1.492875e6},"ipopt_jump_2788.jl 400":{"time_median":3.9175416167e10,"allocs":80,"gc_min":0.0,"gc_median":0.0,"memory":3472,"time_min":3.9175416167e10},"benchmark_value_nonlinear_expression":{"time_median":1.8146429792e10,"allocs":11350905,"gc_min":1.228142668e9,"gc_median":1.228142668e9,"memory":1900199221,"time_min":1.8146429792e10},"benchmark_macro_quad_050":{"time_median":9.971206583e9,"allocs":24121929,"gc_min":5.45930916e8,"gc_median":5.45930916e8,"memory":2049127040,"time_min":9.971206583e9},"benchmark_jump_creating_model":{"time_median":8277.777777777777,"allocs":88,"gc_min":0.0,"gc_median":0.0,"memory":9264,"time_min":7166.666666666667},"benchmark_matrix_quadratic_product_050":{"time_median":2.395302834e9,"allocs":117628,"gc_min":4.66527417e8,"gc_median":4.92205292e8,"memory":495967424,"time_min":2.378852083e9},"benchmark_dense_axis_constraints_index":{"time_median":7.7523125e6,"allocs":53652,"gc_min":0.0,"gc_median":0.0,"memory":3030624,"time_min":7.423708e6},"gurobi_facility.jl 100":{"time_median":1.71444580708e11,"allocs":80,"gc_min":0.0,"gc_median":0.0,"memory":3472,"time_min":1.71444580708e11},"benchmark_print_model":{"time_median":313625.0,"allocs":1434,"gc_min":0.0,"gc_median":0.0,"memory":101840,"time_min":274875.0},"benchmark_jump_creating_small_constraints":{"time_median":1.0310989165e9,"allocs":3697476,"gc_min":2.33223542e8,"gc_median":2.9068927e8,"memory":275222944,"time_min":9.8378425e8},"power_models_opf_acr.jl pglib_opf_case5_pjm":{"time_median":6.9254339208e10,"allocs":74,"gc_min":0.0,"gc_median":0.0,"memory":3168,"time_min":6.9254339208e10},"benchmark_vector_sum_050":{"time_median":83000.0,"allocs":485,"gc_min":0.0,"gc_median":0.0,"memory":44656,"time_min":69792.0},"benchmark_array_sum_050":{"time_median":2.837231875e8,"allocs":1375209,"gc_min":2.2477e7,"gc_median":5.7994292e7,"memory":82413120,"time_min":2.43143584e8},"ipopt_clnlbeam.jl 500":{"time_median":1.64419623458e11,"allocs":80,"gc_min":0.0,"gc_median":0.0,"memory":3472,"time_min":1.64419623458e11},"benchmark_macro_linear_010":{"time_median":4.93842915e7,"allocs":74093,"gc_min":0.0,"gc_median":0.0,"memory":4900032,"time_min":4.5709375e7},"gurobi_lqcp.jl 1000":{"time_median":6.2829024e10,"allocs":81,"gc_min":0.0,"gc_median":0.0,"memory":3456,"time_min":6.2829024e10},"gurobi_lqcp.jl 1500":{"time_median":1.00541841417e11,"allocs":81,"gc_min":0.0,"gc_median":0.0,"memory":3456,"time_min":1.00541841417e11},"benchmark_macro_linear_050":{"time_median":6.768189e9,"allocs":4913227,"gc_min":3.37051582e8,"gc_median":3.37051582e8,"memory":319168064,"time_min":6.768189e9},"benchmark_jump_creating_variable_sparse_axis_array":{"time_median":807500.0,"allocs":5136,"gc_min":0.0,"gc_median":0.0,"memory":269648,"time_min":722459.0},"benchmark_dense_axis_constraints_iterate":{"time_median":7.7414375e6,"allocs":53652,"gc_min":0.0,"gc_median":0.0,"memory":3030624,"time_min":7.408333e6},"benchmark_print_model_10000":{"time_median":2.5493875e7,"allocs":129970,"gc_min":0.0,"gc_median":0.0,"memory":9462592,"time_min":2.48675e7},"benchmark_jump_creating_variable_array":{"time_median":1.494166e6,"allocs":10136,"gc_min":0.0,"gc_median":0.0,"memory":583488,"time_min":1.401208e6},"gurobi_facility.jl 50":{"time_median":4.8436242459e10,"allocs":80,"gc_min":0.0,"gc_median":0.0,"memory":3472,"time_min":4.8436242459e10},"inverse_ising_expr.jl rple":{"time_median":4.0146459292e10,"allocs":74,"gc_min":0.0,"gc_median":0.0,"memory":3168,"time_min":4.0146459292e10},"inverse_ising_expr.jl rise":{"time_median":4.0049561084e10,"allocs":75,"gc_min":0.0,"gc_median":0.0,"memory":3472,"time_min":4.0049561084e10},"benchmark_matrix_sum_050":{"time_median":3.5109585e6,"allocs":22665,"gc_min":0.0,"gc_median":0.0,"memory":1475872,"time_min":3.288959e6},"benchmark_sparse_axis_constraints_iterate":{"time_median":5.3246875e6,"allocs":36735,"gc_min":0.0,"gc_median":0.0,"memory":2278480,"time_min":5.018209e6},"benchmark_ipopt_fractional_power":{"time_median":1.09937505e7,"allocs":2051,"gc_min":0.0,"gc_median":0.0,"memory":99536,"time_min":1.0668166e7},"gurobi_facility.jl 25":{"time_median":3.6071288125e10,"allocs":80,"gc_min":0.0,"gc_median":0.0,"memory":3472,"time_min":3.6071288125e10},"benchmark_matrix_sum_010":{"time_median":156041.5,"allocs":1035,"gc_min":0.0,"gc_median":0.0,"memory":70992,"time_min":138959.0},"power_models_opf_acp.jl pglib_opf_case5_pjm":{"time_median":7.6229898125e10,"allocs":74,"gc_min":0.0,"gc_median":0.0,"memory":3168,"time_min":7.6229898125e10},"inverse_ising_register.jl rise":{"time_median":4.1131374834e10,"allocs":74,"gc_min":0.0,"gc_median":0.0,"memory":3168,"time_min":4.1131374834e10},"ipopt_clnlbeam.jl 50":{"time_median":4.7166598167e10,"allocs":80,"gc_min":0.0,"gc_median":0.0,"memory":3472,"time_min":4.7166598167e10},"benchmark_matrix_affine_product_010":{"time_median":465375.0,"allocs":2006,"gc_min":0.0,"gc_median":0.0,"memory":231136,"time_min":422125.0},"ipopt_clnlbeam.jl 5":{"time_median":3.7766925917e10,"allocs":80,"gc_min":0.0,"gc_median":0.0,"memory":3472,"time_min":3.7766925917e10}}