{"benchmark_p_median":{"time_median":4.539769375e9,"allocs":8661346,"gc_min":1.244958915e9,"gc_median":1.244958915e9,"memory":733696227,"time_min":4.539769375e9},"gurobi_facility.jl 75":{"time_median":2.098806987416e12,"allocs":465,"gc_min":0.0,"gc_median":0.0,"memory":21776,"time_min":2.098806987416e12},"inverse_ising_register.jl logrise":{"time_median":1.048413273875e12,"allocs":74,"gc_min":0.0,"gc_median":0.0,"memory":3168,"time_min":1.048413273875e12},"benchmark_print_AffExpr":{"time_median":288458.0,"allocs":1386,"gc_min":0.0,"gc_median":0.0,"memory":95120,"time_min":254167.0},"benchmark_vector_sum_010":{"time_median":24819.333333333332,"allocs":192,"gc_min":0.0,"gc_median":0.0,"memory":16304,"time_min":21569.333333333332},"gurobi_lqcp.jl 2000":{"time_median":3.252069691458e12,"allocs":81,"gc_min":0.0,"gc_median":0.0,"memory":3456,"time_min":3.252069691458e12},"benchmark_print_small_model":{"time_median":563020.5,"allocs":2722,"gc_min":0.0,"gc_median":0.0,"memory":185968,"time_min":517292.0},"benchmark_matrix_quadratic_product_010":{"time_median":3.865833e6,"allocs":3607,"gc_min":0.0,"gc_median":0.0,"memory":1059232,"time_min":3.5485e6},"benchmark_sparse_axis_constraints_index":{"time_median":7.104085458e9,"allocs":6679991,"gc_min":3.37877042e8,"gc_median":3.37877042e8,"memory":552600940,"time_min":7.104085458e9},"inverse_ising_expr.jl logrise":{"time_median":4.1210732583e10,"allocs":74,"gc_min":0.0,"gc_median":0.0,"memory":3168,"time_min":4.1210732583e10},"benchmark_macro_quad_010":{"time_median":8.82372915e7,"allocs":204293,"gc_min":0.0,"gc_median":4.192792e6,"memory":17176832,"time_min":7.1409875e7},"gurobi_lqcp.jl 500":{"time_median":4.1090918708e10,"allocs":80,"gc_min":0.0,"gc_median":0.0,"memory":3440,"time_min":4.1090918708e10},"ipopt_jump_2788.jl 800":{"time_median":9.87765937875e11,"allocs":81,"gc_min":0.0,"gc_median":0.0,"memory":3488,"time_min":9.87765937875e11},"benchmark_jump_creating_variable_dense_axis_array":{"time_median":1.488229e6,"allocs":10137,"gc_min":0.0,"gc_median":0.0,"memory":583536,"time_min":1.366083e6},"ipopt_jump_2788.jl 200":{"time_median":3.8004122958e10,"allocs":80,"gc_min":0.0,"gc_median":0.0,"memory":3472,"time_min":3.8004122958e10},"inverse_ising_register.jl rple":{"time_median":4.2839399209e10,"allocs":74,"gc_min":0.0,"gc_median":0.0,"memory":3168,"time_min":4.2839399209e10},"benchmark_matrix_affine_product_050":{"time_median":5.0302958e7,"allocs":57626,"gc_min":0.0,"gc_median":0.0,"memory":19987344,"time_min":4.6776917e7},"benchmark_array_sum_010":{"time_median":1.5550625e6,"allocs":11156,"gc_min":0.0,"gc_median":0.0,"memory":763808,"time_min":1.442958e6},"ipopt_jump_2788.jl 400":{"time_median":1.103865334666e12,"allocs":80,"gc_min":0.0,"gc_median":0.0,"memory":3472,"time_min":1.103865334666e12},"benchmark_value_nonlinear_expression":{"time_median":1.0186316305e12,"allocs":11198604,"gc_min":1.305478166e9,"gc_median":1.305478166e9,"memory":1891304274,"time_min":1.0186316305e12},"benchmark_macro_quad_050":{"time_median":1.1166878292e10,"allocs":24121929,"gc_min":5.45311125e8,"gc_median":5.45311125e8,"memory":2049127040,"time_min":1.1166878292e10},"benchmark_jump_creating_model":{"time_median":8037.0,"allocs":88,"gc_min":0.0,"gc_median":0.0,"memory":9264,"time_min":6986.111111111111},"benchmark_matrix_quadratic_product_050":{"time_median":2.429528416e9,"allocs":117628,"gc_min":4.57552375e8,"gc_median":4.97831793e8,"memory":495967424,"time_min":2.383346625e9},"benchmark_dense_axis_constraints_index":{"time_median":7.7696875e6,"allocs":53652,"gc_min":0.0,"gc_median":0.0,"memory":3030624,"time_min":7.146583e6},"gurobi_facility.jl 100":{"time_median":3.113226891291e12,"allocs":80,"gc_min":0.0,"gc_median":0.0,"memory":3472,"time_min":3.113226891291e12},"benchmark_print_model":{"time_median":317208.0,"allocs":1434,"gc_min":0.0,"gc_median":0.0,"memory":101840,"time_min":281084.0},"benchmark_jump_creating_small_constraints":{"time_median":1.055377333e9,"allocs":3697476,"gc_min":2.455735e8,"gc_median":3.34709958e8,"memory":275222944,"time_min":9.96729875e8},"power_models_opf_acr.jl pglib_opf_case5_pjm":{"time_median":1.065906855542e12,"allocs":74,"gc_min":0.0,"gc_median":0.0,"memory":3168,"time_min":1.065906855542e12},"benchmark_vector_sum_050":{"time_median":81500.0,"allocs":485,"gc_min":0.0,"gc_median":0.0,"memory":44656,"time_min":71042.0},"benchmark_array_sum_050":{"time_median":2.88227042e8,"allocs":1375209,"gc_min":2.2415416e7,"gc_median":4.9470374e7,"memory":82413120,"time_min":2.40842333e8},"ipopt_clnlbeam.jl 500":{"time_median":3.214714768083e12,"allocs":80,"gc_min":0.0,"gc_median":0.0,"memory":3472,"time_min":3.214714768083e12},"benchmark_macro_linear_010":{"time_median":4.6182542e7,"allocs":74093,"gc_min":0.0,"gc_median":0.0,"memory":4900032,"time_min":4.4221791e7},"gurobi_lqcp.jl 1000":{"time_median":1.974873605291e12,"allocs":81,"gc_min":0.0,"gc_median":0.0,"memory":3456,"time_min":1.974873605291e12},"gurobi_lqcp.jl 1500":{"time_median":7.5041425675e11,"allocs":81,"gc_min":0.0,"gc_median":0.0,"memory":3456,"time_min":7.5041425675e11},"benchmark_macro_linear_050":{"time_median":3.09305662042e11,"allocs":4913227,"gc_min":3.45776125e8,"gc_median":3.45776125e8,"memory":319168064,"time_min":3.09305662042e11},"benchmark_jump_creating_variable_sparse_axis_array":{"time_median":800875.0,"allocs":5136,"gc_min":0.0,"gc_median":0.0,"memory":269648,"time_min":735833.0},"benchmark_dense_axis_constraints_iterate":{"time_median":7.771042e6,"allocs":53652,"gc_min":0.0,"gc_median":0.0,"memory":3030624,"time_min":7.51575e6},"benchmark_print_model_10000":{"time_median":2.6050875e7,"allocs":129970,"gc_min":0.0,"gc_median":0.0,"memory":9462592,"time_min":2.5358917e7},"benchmark_jump_creating_variable_array":{"time_median":1.498083e6,"allocs":10136,"gc_min":0.0,"gc_median":0.0,"memory":583488,"time_min":1.398792e6},"gurobi_facility.jl 50":{"time_median":9.387945475e10,"allocs":80,"gc_min":0.0,"gc_median":0.0,"memory":3472,"time_min":9.387945475e10},"inverse_ising_expr.jl rple":{"time_median":1.20180329e11,"allocs":74,"gc_min":0.0,"gc_median":0.0,"memory":3168,"time_min":1.20180329e11},"inverse_ising_expr.jl rise":{"time_median":5.7804073625e10,"allocs":75,"gc_min":0.0,"gc_median":0.0,"memory":3472,"time_min":5.7804073625e10},"benchmark_matrix_sum_050":{"time_median":3.459521e6,"allocs":22665,"gc_min":0.0,"gc_median":0.0,"memory":1475872,"time_min":3.215292e6},"benchmark_sparse_axis_constraints_iterate":{"time_median":5.3362295e6,"allocs":36735,"gc_min":0.0,"gc_median":0.0,"memory":2278480,"time_min":4.94225e6},"benchmark_ipopt_fractional_power":{"time_median":1.0894667e7,"allocs":1769,"gc_min":0.0,"gc_median":0.0,"memory":94800,"time_min":1.0528708e7},"gurobi_facility.jl 25":{"time_median":1.10080280708e11,"allocs":80,"gc_min":0.0,"gc_median":0.0,"memory":3472,"time_min":1.10080280708e11},"benchmark_matrix_sum_010":{"time_median":152062.5,"allocs":1035,"gc_min":0.0,"gc_median":0.0,"memory":70992,"time_min":135792.0},"power_models_opf_acp.jl pglib_opf_case5_pjm":{"time_median":1.01564499833e11,"allocs":74,"gc_min":0.0,"gc_median":0.0,"memory":3168,"time_min":1.01564499833e11},"inverse_ising_register.jl rise":{"time_median":5.3661976042e10,"allocs":74,"gc_min":0.0,"gc_median":0.0,"memory":3168,"time_min":5.3661976042e10},"ipopt_clnlbeam.jl 50":{"time_median":1.75328352042e11,"allocs":80,"gc_min":0.0,"gc_median":0.0,"memory":3472,"time_min":1.75328352042e11},"benchmark_matrix_affine_product_010":{"time_median":463209.0,"allocs":2006,"gc_min":0.0,"gc_median":0.0,"memory":231136,"time_min":411250.0},"ipopt_clnlbeam.jl 5":{"time_median":6.8137867334e10,"allocs":80,"gc_min":0.0,"gc_median":0.0,"memory":3472,"time_min":6.8137867334e10}}