{"gurobi_facility.jl 75":{"time_median":2.2712357875e10,"allocs":465,"gc_min":0.0,"gc_median":0.0,"memory":21776,"time_min":2.2712357875e10},"ipopt_clnlbeam.jl 500":{"time_median":4.1877973459e10,"allocs":80,"gc_min":0.0,"gc_median":0.0,"memory":3472,"time_min":4.1877973459e10},"gurobi_lqcp.jl 1000":{"time_median":1.7968703208e10,"allocs":81,"gc_min":0.0,"gc_median":0.0,"memory":3456,"time_min":1.7968703208e10},"gurobi_lqcp.jl 2000":{"time_median":4.8461697583e10,"allocs":81,"gc_min":0.0,"gc_median":0.0,"memory":3456,"time_min":4.8461697583e10},"ipopt_jump_2788.jl 400":{"time_median":1.1611128459e10,"allocs":80,"gc_min":0.0,"gc_median":0.0,"memory":3472,"time_min":1.1611128459e10},"gurobi_lqcp.jl 1500":{"time_median":2.9870527333e10,"allocs":81,"gc_min":0.0,"gc_median":0.0,"memory":3456,"time_min":2.9870527333e10},"benchmark_value_nonlinear_expression":{"time_median":7.224378458e9,"allocs":21092704,"gc_min":5.38213668e8,"gc_median":5.38213668e8,"memory":2500771100,"time_min":7.224378458e9},"ipopt_clnlbeam.jl 50":{"time_median":1.3916189125e10,"allocs":80,"gc_min":0.0,"gc_median":0.0,"memory":3472,"time_min":1.3916189125e10},"benchmark_jump_creating_variable_sparse_axis_array":{"time_median":283375.0,"allocs":4636,"gc_min":0.0,"gc_median":0.0,"memory":261632,"time_min":277791.0},"benchmark_jump_creating_model":{"time_median":2625.0,"allocs":88,"gc_min":0.0,"gc_median":0.0,"memory":9248,"time_min":2490.777777777778},"benchmark_jump_creating_variable_array":{"time_median":543208.0,"allocs":9136,"gc_min":0.0,"gc_median":0.0,"memory":567472,"time_min":532333.0},"gurobi_facility.jl 50":{"time_median":1.3645832542e10,"allocs":80,"gc_min":0.0,"gc_median":0.0,"memory":3472,"time_min":1.3645832542e10},"gurobi_facility.jl 100":{"time_median":4.2337743958e10,"allocs":80,"gc_min":0.0,"gc_median":0.0,"memory":3472,"time_min":4.2337743958e10},"gurobi_lqcp.jl 500":{"time_median":1.1675816958e10,"allocs":80,"gc_min":0.0,"gc_median":0.0,"memory":3440,"time_min":1.1675816958e10},"benchmark_jump_creating_small_constraints":{"time_median":2.88929584e8,"allocs":3997049,"gc_min":4.9103917e7,"gc_median":6.8998709e7,"memory":276318128,"time_min":2.5803775e8},"ipopt_jump_2788.jl 800":{"time_median":1.1572558833e10,"allocs":81,"gc_min":0.0,"gc_median":0.0,"memory":3488,"time_min":1.1572558833e10},"benchmark_jump_creating_variable_dense_axis_array":{"time_median":543834.0,"allocs":9137,"gc_min":0.0,"gc_median":0.0,"memory":567520,"time_min":532459.0},"ipopt_jump_2788.jl 200":{"time_median":1.090183975e10,"allocs":80,"gc_min":0.0,"gc_median":0.0,"memory":3472,"time_min":1.090183975e10},"ipopt_clnlbeam.jl 5":{"time_median":1.10867865e10,"allocs":80,"gc_min":0.0,"gc_median":0.0,"memory":3472,"time_min":1.10867865e10},"gurobi_facility.jl 25":{"time_median":1.0215022375e10,"allocs":80,"gc_min":0.0,"gc_median":0.0,"memory":3472,"time_min":1.0215022375e10},"power_models_opf_acp.jl pglib_opf_case5_pjm":{"time_median":2.2736954e10,"allocs":74,"gc_min":0.0,"gc_median":0.0,"memory":3168,"time_min":2.2736954e10}}