{"benchmark_p_median":{"time_median":7.964779375e8,"allocs":9014163,"gc_min":1.38333291e8,"gc_median":1.90957125e8,"memory":711984128,"time_min":7.52629958e8},"gurobi_facility.jl 75":{"time_median":2.32009685e10,"allocs":465,"gc_min":0.0,"gc_median":0.0,"memory":21776,"time_min":2.32009685e10},"benchmark_print_AffExpr":{"time_median":101625.0,"allocs":1389,"gc_min":0.0,"gc_median":0.0,"memory":95168,"time_min":99625.0},"benchmark_vector_sum_010":{"time_median":8542.0,"allocs":194,"gc_min":0.0,"gc_median":0.0,"memory":16320,"time_min":8125.0},"gurobi_lqcp.jl 2000":{"time_median":4.8447283917e10,"allocs":81,"gc_min":0.0,"gc_median":0.0,"memory":3456,"time_min":4.8447283917e10},"benchmark_print_small_model":{"time_median":192542.0,"allocs":2727,"gc_min":0.0,"gc_median":0.0,"memory":186144,"time_min":189292.0},"benchmark_matrix_quadratic_product_010":{"time_median":1.3225e6,"allocs":3607,"gc_min":0.0,"gc_median":0.0,"memory":1059216,"time_min":1.30625e6},"benchmark_sparse_axis_constraints_index":{"time_median":1.871584e6,"allocs":39227,"gc_min":0.0,"gc_median":0.0,"memory":2797856,"time_min":1.848875e6},"benchmark_macro_quad_010":{"time_median":1.9066042e7,"allocs":179913,"gc_min":0.0,"gc_median":0.0,"memory":14445296,"time_min":1.8923959e7},"gurobi_lqcp.jl 500":{"time_median":1.2066624209e10,"allocs":80,"gc_min":0.0,"gc_median":0.0,"memory":3440,"time_min":1.2066624209e10},"ipopt_jump_2788.jl 800":{"time_median":1.1994940125e10,"allocs":81,"gc_min":0.0,"gc_median":0.0,"memory":3488,"time_min":1.1994940125e10},"benchmark_jump_creating_variable_dense_axis_array":{"time_median":585375.0,"allocs":10137,"gc_min":0.0,"gc_median":0.0,"memory":583520,"time_min":571625.0},"ipopt_jump_2788.jl 200":{"time_median":1.1256390458e10,"allocs":80,"gc_min":0.0,"gc_median":0.0,"memory":3472,"time_min":1.1256390458e10},"benchmark_matrix_affine_product_050":{"time_median":1.5936667e7,"allocs":57626,"gc_min":0.0,"gc_median":0.0,"memory":19987328,"time_min":1.5421917e7},"benchmark_array_sum_010":{"time_median":582583.0,"allocs":11157,"gc_min":0.0,"gc_median":0.0,"memory":763808,"time_min":575458.0},"ipopt_jump_2788.jl 400":{"time_median":1.2020271375e10,"allocs":80,"gc_min":0.0,"gc_median":0.0,"memory":3472,"time_min":1.2020271375e10},"benchmark_value_nonlinear_expression":{"time_median":6.325347208e9,"allocs":17643400,"gc_min":4.43918958e8,"gc_median":4.43918958e8,"memory":2264725697,"time_min":6.325347208e9},"benchmark_macro_quad_050":{"time_median":2.8224920625e9,"allocs":20520339,"gc_min":1.40227374e8,"gc_median":2.192722915e8,"memory":1645748944,"time_min":2.748353875e9},"benchmark_jump_creating_model":{"time_median":2634.3333333333335,"allocs":88,"gc_min":0.0,"gc_median":0.0,"memory":9248,"time_min":2509.3333333333335},"benchmark_matrix_quadratic_product_050":{"time_median":7.7033475e8,"allocs":117628,"gc_min":5.0887416e7,"gc_median":1.10506042e8,"memory":495967408,"time_min":6.90449125e8},"benchmark_dense_axis_constraints_index":{"time_median":2.798666e6,"allocs":58639,"gc_min":0.0,"gc_median":0.0,"memory":4068960,"time_min":2.764084e6},"gurobi_facility.jl 100":{"time_median":4.2775707667e10,"allocs":80,"gc_min":0.0,"gc_median":0.0,"memory":3472,"time_min":4.2775707667e10},"benchmark_print_model":{"time_median":108542.0,"allocs":1439,"gc_min":0.0,"gc_median":0.0,"memory":102016,"time_min":106375.0},"benchmark_jump_creating_small_constraints":{"time_median":2.80137458e8,"allocs":4097049,"gc_min":4.1923125e7,"gc_median":6.3945751e7,"memory":277918128,"time_min":2.53597584e8},"benchmark_vector_sum_050":{"time_median":29333.0,"allocs":487,"gc_min":0.0,"gc_median":0.0,"memory":44672,"time_min":28083.0},"benchmark_array_sum_050":{"time_median":8.6360792e7,"allocs":1375210,"gc_min":5.739959e6,"gc_median":8.050667e6,"memory":82413120,"time_min":8.3196791e7},"ipopt_clnlbeam.jl 500":{"time_median":4.215163525e10,"allocs":80,"gc_min":0.0,"gc_median":0.0,"memory":3472,"time_min":4.215163525e10},"benchmark_macro_linear_010":{"time_median":1.53248125e7,"allocs":74103,"gc_min":0.0,"gc_median":0.0,"memory":4900176,"time_min":1.5234584e7},"gurobi_lqcp.jl 1000":{"time_median":1.8461094041e10,"allocs":81,"gc_min":0.0,"gc_median":0.0,"memory":3456,"time_min":1.8461094041e10},"gurobi_lqcp.jl 1500":{"time_median":2.9125671791e10,"allocs":81,"gc_min":0.0,"gc_median":0.0,"memory":3456,"time_min":2.9125671791e10},"benchmark_macro_linear_050":{"time_median":2.045124458e9,"allocs":4913237,"gc_min":5.3862041e7,"gc_median":5.5904126e7,"memory":319168208,"time_min":2.040486834e9},"benchmark_jump_creating_variable_sparse_axis_array":{"time_median":309250.0,"allocs":5136,"gc_min":0.0,"gc_median":0.0,"memory":269632,"time_min":302584.0},"benchmark_dense_axis_constraints_iterate":{"time_median":2.7997705e6,"allocs":58639,"gc_min":0.0,"gc_median":0.0,"memory":4068960,"time_min":2.755084e6},"benchmark_print_model_10000":{"time_median":9.602916e6,"allocs":129975,"gc_min":0.0,"gc_median":0.0,"memory":9462768,"time_min":9.551625e6},"benchmark_jump_creating_variable_array":{"time_median":582583.0,"allocs":10136,"gc_min":0.0,"gc_median":0.0,"memory":583472,"time_min":570958.0},"gurobi_facility.jl 50":{"time_median":1.406211775e10,"allocs":80,"gc_min":0.0,"gc_median":0.0,"memory":3472,"time_min":1.406211775e10},"benchmark_matrix_sum_050":{"time_median":1.3132705e6,"allocs":22666,"gc_min":0.0,"gc_median":0.0,"memory":1475872,"time_min":1.288667e6},"benchmark_sparse_axis_constraints_iterate":{"time_median":1.868292e6,"allocs":39227,"gc_min":0.0,"gc_median":0.0,"memory":2797856,"time_min":1.845042e6},"gurobi_facility.jl 25":{"time_median":1.0633361958e10,"allocs":80,"gc_min":0.0,"gc_median":0.0,"memory":3472,"time_min":1.0633361958e10},"benchmark_matrix_sum_010":{"time_median":57000.0,"allocs":1037,"gc_min":0.0,"gc_median":0.0,"memory":71008,"time_min":55334.0},"power_models_opf_acp.jl pglib_opf_case5_pjm":{"time_median":2.3191625e10,"allocs":74,"gc_min":0.0,"gc_median":0.0,"memory":3168,"time_min":2.3191625e10},"ipopt_clnlbeam.jl 50":{"time_median":1.4345320625e10,"allocs":80,"gc_min":0.0,"gc_median":0.0,"memory":3472,"time_min":1.4345320625e10},"benchmark_matrix_affine_product_010":{"time_median":157916.0,"allocs":2006,"gc_min":0.0,"gc_median":0.0,"memory":231120,"time_min":155958.0},"ipopt_clnlbeam.jl 5":{"time_median":1.1473933042e10,"allocs":80,"gc_min":0.0,"gc_median":0.0,"memory":3472,"time_min":1.1473933042e10}}