{"benchmark_p_median":{"time_median":7.776135005e8,"allocs":9014163,"gc_min":1.27968166e8,"gc_median":1.703501245e8,"memory":711984128,"time_min":7.33427208e8},"gurobi_facility.jl 75":{"time_median":2.2478423542e10,"allocs":465,"gc_min":0.0,"gc_median":0.0,"memory":21776,"time_min":2.2478423542e10},"inverse_ising_register.jl logrise":{"time_median":1.1717266584e10,"allocs":74,"gc_min":0.0,"gc_median":0.0,"memory":3168,"time_min":1.1717266584e10},"benchmark_print_AffExpr":{"time_median":104375.0,"allocs":1389,"gc_min":0.0,"gc_median":0.0,"memory":95168,"time_min":102042.0},"benchmark_vector_sum_010":{"time_median":8583.333333333334,"allocs":194,"gc_min":0.0,"gc_median":0.0,"memory":16320,"time_min":8291.666666666666},"gurobi_lqcp.jl 2000":{"time_median":4.8109434625e10,"allocs":81,"gc_min":0.0,"gc_median":0.0,"memory":3456,"time_min":4.8109434625e10},"benchmark_print_small_model":{"time_median":195250.0,"allocs":2727,"gc_min":0.0,"gc_median":0.0,"memory":186144,"time_min":191125.0},"benchmark_matrix_quadratic_product_010":{"time_median":1.343667e6,"allocs":3607,"gc_min":0.0,"gc_median":0.0,"memory":1059216,"time_min":1.329875e6},"benchmark_sparse_axis_constraints_index":{"time_median":1.862562e6,"allocs":39227,"gc_min":0.0,"gc_median":0.0,"memory":2797856,"time_min":1.840584e6},"inverse_ising_expr.jl logrise":{"time_median":1.2024999709e10,"allocs":74,"gc_min":0.0,"gc_median":0.0,"memory":3168,"time_min":1.2024999709e10},"benchmark_macro_quad_010":{"time_median":1.94113955e7,"allocs":179913,"gc_min":0.0,"gc_median":0.0,"memory":14445296,"time_min":1.9258167e7},"gurobi_lqcp.jl 500":{"time_median":1.1511054916e10,"allocs":80,"gc_min":0.0,"gc_median":0.0,"memory":3440,"time_min":1.1511054916e10},"ipopt_jump_2788.jl 800":{"time_median":1.1606173167e10,"allocs":81,"gc_min":0.0,"gc_median":0.0,"memory":3488,"time_min":1.1606173167e10},"benchmark_jump_creating_variable_dense_axis_array":{"time_median":597708.0,"allocs":10137,"gc_min":0.0,"gc_median":0.0,"memory":583520,"time_min":584708.0},"ipopt_jump_2788.jl 200":{"time_median":1.0849823709e10,"allocs":80,"gc_min":0.0,"gc_median":0.0,"memory":3472,"time_min":1.0849823709e10},"inverse_ising_register.jl rple":{"time_median":1.1761809583e10,"allocs":74,"gc_min":0.0,"gc_median":0.0,"memory":3168,"time_min":1.1761809583e10},"benchmark_matrix_affine_product_050":{"time_median":1.6391625e7,"allocs":57626,"gc_min":0.0,"gc_median":0.0,"memory":19987328,"time_min":1.5757667e7},"benchmark_array_sum_010":{"time_median":592667.0,"allocs":11157,"gc_min":0.0,"gc_median":0.0,"memory":763808,"time_min":582333.0},"ipopt_jump_2788.jl 400":{"time_median":1.1537955417e10,"allocs":80,"gc_min":0.0,"gc_median":0.0,"memory":3472,"time_min":1.1537955417e10},"benchmark_value_nonlinear_expression":{"time_median":6.247402417e9,"allocs":17676484,"gc_min":3.53312542e8,"gc_median":3.53312542e8,"memory":2266700647,"time_min":6.247402417e9},"benchmark_macro_quad_050":{"time_median":2.920462833e9,"allocs":20520339,"gc_min":1.39491624e8,"gc_median":2.17212104e8,"memory":1645748944,"time_min":2.849160625e9},"benchmark_jump_creating_model":{"time_median":2638.8888888888887,"allocs":88,"gc_min":0.0,"gc_median":0.0,"memory":9248,"time_min":2509.222222222222},"benchmark_matrix_quadratic_product_050":{"time_median":7.75692958e8,"allocs":117628,"gc_min":4.8479917e7,"gc_median":1.11494708e8,"memory":495967408,"time_min":6.96035542e8},"benchmark_dense_axis_constraints_index":{"time_median":2.7412705e6,"allocs":58639,"gc_min":0.0,"gc_median":0.0,"memory":4068960,"time_min":2.708958e6},"gurobi_facility.jl 100":{"time_median":4.252870125e10,"allocs":80,"gc_min":0.0,"gc_median":0.0,"memory":3472,"time_min":4.252870125e10},"benchmark_print_model":{"time_median":110166.0,"allocs":1439,"gc_min":0.0,"gc_median":0.0,"memory":102016,"time_min":107667.0},"benchmark_jump_creating_small_constraints":{"time_median":2.86393375e8,"allocs":4097049,"gc_min":4.2962708e7,"gc_median":6.3724042e7,"memory":277918128,"time_min":2.6313675e8},"power_models_opf_acr.jl pglib_opf_case5_pjm":{"time_median":2.0813804875e10,"allocs":74,"gc_min":0.0,"gc_median":0.0,"memory":3168,"time_min":2.0813804875e10},"benchmark_vector_sum_050":{"time_median":29709.0,"allocs":487,"gc_min":0.0,"gc_median":0.0,"memory":44672,"time_min":28375.0},"benchmark_array_sum_050":{"time_median":8.80470415e7,"allocs":1375210,"gc_min":5.648208e6,"gc_median":7.9519375e6,"memory":82413120,"time_min":8.4865209e7},"ipopt_clnlbeam.jl 500":{"time_median":4.1939301833e10,"allocs":80,"gc_min":0.0,"gc_median":0.0,"memory":3472,"time_min":4.1939301833e10},"benchmark_macro_linear_010":{"time_median":1.6000958e7,"allocs":74103,"gc_min":0.0,"gc_median":0.0,"memory":4900176,"time_min":1.5893e7},"gurobi_lqcp.jl 1000":{"time_median":1.8013983875e10,"allocs":81,"gc_min":0.0,"gc_median":0.0,"memory":3456,"time_min":1.8013983875e10},"gurobi_lqcp.jl 1500":{"time_median":2.9604906375e10,"allocs":81,"gc_min":0.0,"gc_median":0.0,"memory":3456,"time_min":2.9604906375e10},"benchmark_macro_linear_050":{"time_median":2.120039625e9,"allocs":4913237,"gc_min":5.3292207e7,"gc_median":5.5441751e7,"memory":319168208,"time_min":2.112910333e9},"benchmark_jump_creating_variable_sparse_axis_array":{"time_median":311042.0,"allocs":5136,"gc_min":0.0,"gc_median":0.0,"memory":269632,"time_min":305167.0},"benchmark_dense_axis_constraints_iterate":{"time_median":2.738875e6,"allocs":58639,"gc_min":0.0,"gc_median":0.0,"memory":4068960,"time_min":2.702208e6},"benchmark_print_model_10000":{"time_median":9.827854e6,"allocs":129975,"gc_min":0.0,"gc_median":0.0,"memory":9462768,"time_min":9.748166e6},"benchmark_jump_creating_variable_array":{"time_median":595500.0,"allocs":10136,"gc_min":0.0,"gc_median":0.0,"memory":583472,"time_min":586500.0},"gurobi_facility.jl 50":{"time_median":1.3938587792e10,"allocs":80,"gc_min":0.0,"gc_median":0.0,"memory":3472,"time_min":1.3938587792e10},"inverse_ising_expr.jl rple":{"time_median":1.1609100834e10,"allocs":74,"gc_min":0.0,"gc_median":0.0,"memory":3168,"time_min":1.1609100834e10},"inverse_ising_expr.jl rise":{"time_median":1.1602907958e10,"allocs":75,"gc_min":0.0,"gc_median":0.0,"memory":3472,"time_min":1.1602907958e10},"benchmark_matrix_sum_050":{"time_median":1.345208e6,"allocs":22666,"gc_min":0.0,"gc_median":0.0,"memory":1475872,"time_min":1.327125e6},"benchmark_sparse_axis_constraints_iterate":{"time_median":1.862479e6,"allocs":39227,"gc_min":0.0,"gc_median":0.0,"memory":2797856,"time_min":1.833333e6},"benchmark_ipopt_fractional_power":{"time_median":3.5990205e6,"allocs":1796,"gc_min":0.0,"gc_median":0.0,"memory":95968,"time_min":3.531e6},"gurobi_facility.jl 25":{"time_median":1.0225892e10,"allocs":80,"gc_min":0.0,"gc_median":0.0,"memory":3472,"time_min":1.0225892e10},"benchmark_matrix_sum_010":{"time_median":57541.0,"allocs":1037,"gc_min":0.0,"gc_median":0.0,"memory":71008,"time_min":55875.0},"power_models_opf_acp.jl pglib_opf_case5_pjm":{"time_median":2.2721050417e10,"allocs":74,"gc_min":0.0,"gc_median":0.0,"memory":3168,"time_min":2.2721050417e10},"inverse_ising_register.jl rise":{"time_median":1.1751744708e10,"allocs":74,"gc_min":0.0,"gc_median":0.0,"memory":3168,"time_min":1.1751744708e10},"ipopt_clnlbeam.jl 50":{"time_median":1.3817245833e10,"allocs":80,"gc_min":0.0,"gc_median":0.0,"memory":3472,"time_min":1.3817245833e10},"benchmark_matrix_affine_product_010":{"time_median":160167.0,"allocs":2006,"gc_min":0.0,"gc_median":0.0,"memory":231120,"time_min":158125.0},"ipopt_clnlbeam.jl 5":{"time_median":1.1114522083e10,"allocs":80,"gc_min":0.0,"gc_median":0.0,"memory":3472,"time_min":1.1114522083e10}}