{"gurobi_facility.jl 75":{"time_median":2.2745865292e10,"allocs":465,"gc_min":0.0,"gc_median":0.0,"memory":21776,"time_min":2.2745865292e10},"ipopt_jump_2788.jl 400":{"time_median":1.1567702166e10,"allocs":80,"gc_min":0.0,"gc_median":0.0,"memory":3472,"time_min":1.1567702166e10},"benchmark_jump_creating_variable_sparse_axis_array":{"time_median":303084.0,"allocs":5136,"gc_min":0.0,"gc_median":0.0,"memory":269632,"time_min":297959.0},"benchmark_jump_creating_model":{"time_median":2601.777777777778,"allocs":88,"gc_min":0.0,"gc_median":0.0,"memory":9248,"time_min":2467.6666666666665},"benchmark_jump_creating_variable_array":{"time_median":579750.0,"allocs":10136,"gc_min":0.0,"gc_median":0.0,"memory":583472,"time_min":570541.0},"gurobi_facility.jl 50":{"time_median":1.3585362375e10,"allocs":80,"gc_min":0.0,"gc_median":0.0,"memory":3472,"time_min":1.3585362375e10},"gurobi_facility.jl 100":{"time_median":4.2630267667e10,"allocs":80,"gc_min":0.0,"gc_median":0.0,"memory":3472,"time_min":4.2630267667e10},"benchmark_jump_creating_small_constraints":{"time_median":2.98885709e8,"allocs":3697476,"gc_min":4.5898874e7,"gc_median":6.6153125e7,"memory":275222928,"time_min":2.62681666e8},"ipopt_jump_2788.jl 800":{"time_median":1.1586268583e10,"allocs":81,"gc_min":0.0,"gc_median":0.0,"memory":3488,"time_min":1.1586268583e10},"benchmark_jump_creating_variable_dense_axis_array":{"time_median":590833.0,"allocs":10137,"gc_min":0.0,"gc_median":0.0,"memory":583520,"time_min":578417.0},"ipopt_jump_2788.jl 200":{"time_median":1.08730015e10,"allocs":80,"gc_min":0.0,"gc_median":0.0,"memory":3472,"time_min":1.08730015e10},"gurobi_facility.jl 25":{"time_median":1.0394658833e10,"allocs":80,"gc_min":0.0,"gc_median":0.0,"memory":3472,"time_min":1.0394658833e10}}