{"benchmark_p_median":{"time_median":4.325147458e9,"allocs":8661769,"gc_min":1.209128625e9,"gc_median":1.209128625e9,"memory":733718787,"time_min":4.325147458e9},"gurobi_facility.jl 75":{"time_median":1.20234206542e11,"allocs":465,"gc_min":0.0,"gc_median":0.0,"memory":21776,"time_min":1.20234206542e11},"inverse_ising_register.jl logrise":{"time_median":4.2058900084e10,"allocs":74,"gc_min":0.0,"gc_median":0.0,"memory":3168,"time_min":4.2058900084e10},"benchmark_print_AffExpr":{"time_median":295000.0,"allocs":1386,"gc_min":0.0,"gc_median":0.0,"memory":95120,"time_min":257542.0},"benchmark_vector_sum_010":{"time_median":24597.333333333332,"allocs":192,"gc_min":0.0,"gc_median":0.0,"memory":16304,"time_min":21277.666666666668},"gurobi_lqcp.jl 2000":{"time_median":4.44373544167e11,"allocs":81,"gc_min":0.0,"gc_median":0.0,"memory":3456,"time_min":4.44373544167e11},"benchmark_print_small_model":{"time_median":579750.0,"allocs":2722,"gc_min":0.0,"gc_median":0.0,"memory":185968,"time_min":526333.0},"benchmark_matrix_quadratic_product_010":{"time_median":3.8329795e6,"allocs":3607,"gc_min":0.0,"gc_median":0.0,"memory":1059232,"time_min":3.591666e6},"benchmark_sparse_axis_constraints_index":{"time_median":7.099348791e9,"allocs":6690138,"gc_min":3.31546416e8,"gc_median":3.31546416e8,"memory":552668028,"time_min":7.099348791e9},"inverse_ising_expr.jl logrise":{"time_median":9.2165746583e10,"allocs":74,"gc_min":0.0,"gc_median":0.0,"memory":3168,"time_min":9.2165746583e10},"benchmark_macro_quad_010":{"time_median":7.1794625e7,"allocs":204293,"gc_min":0.0,"gc_median":0.0,"memory":17176832,"time_min":6.9908542e7},"gurobi_lqcp.jl 500":{"time_median":5.5085827542e10,"allocs":80,"gc_min":0.0,"gc_median":0.0,"memory":3440,"time_min":5.5085827542e10},"ipopt_jump_2788.jl 800":{"time_median":4.0337136625e10,"allocs":81,"gc_min":0.0,"gc_median":0.0,"memory":3488,"time_min":4.0337136625e10},"benchmark_jump_creating_variable_dense_axis_array":{"time_median":1.466875e6,"allocs":10137,"gc_min":0.0,"gc_median":0.0,"memory":583536,"time_min":1.384708e6},"ipopt_jump_2788.jl 200":{"time_median":3.7562384541e10,"allocs":80,"gc_min":0.0,"gc_median":0.0,"memory":3472,"time_min":3.7562384541e10},"inverse_ising_register.jl rple":{"time_median":6.64613671333e11,"allocs":74,"gc_min":0.0,"gc_median":0.0,"memory":3168,"time_min":6.64613671333e11},"benchmark_matrix_affine_product_050":{"time_median":5.0340958e7,"allocs":57626,"gc_min":0.0,"gc_median":0.0,"memory":19987344,"time_min":4.5931541e7},"benchmark_array_sum_010":{"time_median":1.525333e6,"allocs":11156,"gc_min":0.0,"gc_median":0.0,"memory":763808,"time_min":1.428334e6},"ipopt_jump_2788.jl 400":{"time_median":4.5121840375e10,"allocs":80,"gc_min":0.0,"gc_median":0.0,"memory":3472,"time_min":4.5121840375e10},"benchmark_value_nonlinear_expression":{"time_median":1.856594075e10,"allocs":11200859,"gc_min":1.715228e9,"gc_median":1.715228e9,"memory":1891735138,"time_min":1.856594075e10},"benchmark_macro_quad_050":{"time_median":1.0545360083e10,"allocs":24121929,"gc_min":5.18750458e8,"gc_median":5.18750458e8,"memory":2049127040,"time_min":1.0545360083e10},"benchmark_jump_creating_model":{"time_median":7805.555555555556,"allocs":88,"gc_min":0.0,"gc_median":0.0,"memory":9264,"time_min":7004.555555555556},"benchmark_matrix_quadratic_product_050":{"time_median":3.430912055e11,"allocs":117628,"gc_min":3.41156034125e11,"gc_median":3.41156034125e11,"memory":495967424,"time_min":3.430912055e11},"benchmark_dense_axis_constraints_index":{"time_median":7.6886255e6,"allocs":53652,"gc_min":0.0,"gc_median":0.0,"memory":3030624,"time_min":7.360667e6},"gurobi_facility.jl 100":{"time_median":5.47393933625e11,"allocs":80,"gc_min":0.0,"gc_median":0.0,"memory":3472,"time_min":5.47393933625e11},"benchmark_print_model":{"time_median":319542.0,"allocs":1434,"gc_min":0.0,"gc_median":0.0,"memory":101840,"time_min":286834.0},"benchmark_jump_creating_small_constraints":{"time_median":1.056486146e9,"allocs":3697476,"gc_min":2.43128875e8,"gc_median":3.390261455e8,"memory":275222944,"time_min":9.9110775e8},"power_models_opf_acr.jl pglib_opf_case5_pjm":{"time_median":3.13126537458e11,"allocs":74,"gc_min":0.0,"gc_median":0.0,"memory":3168,"time_min":3.13126537458e11},"benchmark_vector_sum_050":{"time_median":81041.0,"allocs":485,"gc_min":0.0,"gc_median":0.0,"memory":44656,"time_min":68416.0},"benchmark_array_sum_050":{"time_median":2.823842295e8,"allocs":1375209,"gc_min":2.4379541e7,"gc_median":5.7880563e7,"memory":82413120,"time_min":2.42479e8},"ipopt_clnlbeam.jl 500":{"time_median":6.37147300208e11,"allocs":80,"gc_min":0.0,"gc_median":0.0,"memory":3472,"time_min":6.37147300208e11},"benchmark_macro_linear_010":{"time_median":4.6702e7,"allocs":74093,"gc_min":0.0,"gc_median":0.0,"memory":4900032,"time_min":4.3677708e7},"gurobi_lqcp.jl 1000":{"time_median":3.90718408083e11,"allocs":81,"gc_min":0.0,"gc_median":0.0,"memory":3456,"time_min":3.90718408083e11},"gurobi_lqcp.jl 1500":{"time_median":1.350039555e11,"allocs":81,"gc_min":0.0,"gc_median":0.0,"memory":3456,"time_min":1.350039555e11},"benchmark_macro_linear_050":{"time_median":6.707088125e9,"allocs":4913227,"gc_min":3.35595749e8,"gc_median":3.35595749e8,"memory":319168064,"time_min":6.707088125e9},"benchmark_jump_creating_variable_sparse_axis_array":{"time_median":788042.0,"allocs":5136,"gc_min":0.0,"gc_median":0.0,"memory":269648,"time_min":728291.0},"benchmark_dense_axis_constraints_iterate":{"time_median":7.660271e6,"allocs":53652,"gc_min":0.0,"gc_median":0.0,"memory":3030624,"time_min":7.394334e6},"benchmark_print_model_10000":{"time_median":2.6619562e7,"allocs":129970,"gc_min":0.0,"gc_median":0.0,"memory":9462592,"time_min":2.5897958e7},"benchmark_jump_creating_variable_array":{"time_median":1.473e6,"allocs":10136,"gc_min":0.0,"gc_median":0.0,"memory":583488,"time_min":1.359958e6},"gurobi_facility.jl 50":{"time_median":3.08045539208e11,"allocs":80,"gc_min":0.0,"gc_median":0.0,"memory":3472,"time_min":3.08045539208e11},"inverse_ising_expr.jl rple":{"time_median":3.478836585e11,"allocs":74,"gc_min":0.0,"gc_median":0.0,"memory":3168,"time_min":3.478836585e11},"inverse_ising_expr.jl rise":{"time_median":7.2201521e10,"allocs":75,"gc_min":0.0,"gc_median":0.0,"memory":3472,"time_min":7.2201521e10},"benchmark_matrix_sum_050":{"time_median":3.3654375e6,"allocs":22665,"gc_min":0.0,"gc_median":0.0,"memory":1475872,"time_min":3.176041e6},"benchmark_sparse_axis_constraints_iterate":{"time_median":5.252209e6,"allocs":36735,"gc_min":0.0,"gc_median":0.0,"memory":2278480,"time_min":4.945625e6},"benchmark_ipopt_fractional_power":{"time_median":2.586441958e9,"allocs":1695629,"gc_min":5.3883042e7,"gc_median":5.3883042e7,"memory":95529931,"time_min":2.586441958e9},"gurobi_facility.jl 25":{"time_median":3.698173075e10,"allocs":80,"gc_min":0.0,"gc_median":0.0,"memory":3472,"time_min":3.698173075e10},"benchmark_matrix_sum_010":{"time_median":148334.0,"allocs":1035,"gc_min":0.0,"gc_median":0.0,"memory":70992,"time_min":133875.0},"power_models_opf_acp.jl pglib_opf_case5_pjm":{"time_median":1.83648881458e11,"allocs":74,"gc_min":0.0,"gc_median":0.0,"memory":3168,"time_min":1.83648881458e11},"inverse_ising_register.jl rise":{"time_median":3.9783329325e11,"allocs":74,"gc_min":0.0,"gc_median":0.0,"memory":3168,"time_min":3.9783329325e11},"ipopt_clnlbeam.jl 50":{"time_median":2.74232463542e11,"allocs":80,"gc_min":0.0,"gc_median":0.0,"memory":3472,"time_min":2.74232463542e11},"benchmark_matrix_affine_product_010":{"time_median":456333.0,"allocs":2006,"gc_min":0.0,"gc_median":0.0,"memory":231136,"time_min":408458.0},"ipopt_clnlbeam.jl 5":{"time_median":4.1771389625e10,"allocs":80,"gc_min":0.0,"gc_median":0.0,"memory":3472,"time_min":4.1771389625e10}}