{"benchmark_p_median":{"time_median":4.244526334e9,"allocs":8661743,"gc_min":1.185647873e9,"gc_median":1.185647873e9,"memory":733978883,"time_min":4.244526334e9},"gurobi_facility.jl 75":{"time_median":2.72146287292e11,"allocs":465,"gc_min":0.0,"gc_median":0.0,"memory":21776,"time_min":2.72146287292e11},"inverse_ising_register.jl logrise":{"time_median":5.3351242667e10,"allocs":74,"gc_min":0.0,"gc_median":0.0,"memory":3168,"time_min":5.3351242667e10},"benchmark_print_AffExpr":{"time_median":264041.0,"allocs":1386,"gc_min":0.0,"gc_median":0.0,"memory":95120,"time_min":248666.0},"benchmark_vector_sum_010":{"time_median":24305.666666666668,"allocs":192,"gc_min":0.0,"gc_median":0.0,"memory":16304,"time_min":20819.666666666668},"gurobi_lqcp.jl 2000":{"time_median":2.56377631583e11,"allocs":81,"gc_min":0.0,"gc_median":0.0,"memory":3456,"time_min":2.56377631583e11},"benchmark_print_small_model":{"time_median":511125.0,"allocs":2722,"gc_min":0.0,"gc_median":0.0,"memory":185968,"time_min":476667.0},"benchmark_matrix_quadratic_product_010":{"time_median":3.543271e6,"allocs":3607,"gc_min":0.0,"gc_median":0.0,"memory":1059232,"time_min":3.473708e6},"benchmark_sparse_axis_constraints_index":{"time_median":6.327502875e9,"allocs":6542496,"gc_min":2.75484459e8,"gc_median":2.75484459e8,"memory":430861968,"time_min":6.327502875e9},"inverse_ising_expr.jl logrise":{"time_median":1.76172938291e11,"allocs":74,"gc_min":0.0,"gc_median":0.0,"memory":3168,"time_min":1.76172938291e11},"benchmark_macro_quad_010":{"time_median":6.4473167e7,"allocs":204293,"gc_min":0.0,"gc_median":0.0,"memory":17176832,"time_min":6.2028875e7},"gurobi_lqcp.jl 500":{"time_median":8.99418200667e11,"allocs":80,"gc_min":0.0,"gc_median":0.0,"memory":3440,"time_min":8.99418200667e11},"ipopt_jump_2788.jl 800":{"time_median":5.74801284917e11,"allocs":81,"gc_min":0.0,"gc_median":0.0,"memory":3488,"time_min":5.74801284917e11},"benchmark_jump_creating_variable_dense_axis_array":{"time_median":1.3993755e6,"allocs":10137,"gc_min":0.0,"gc_median":0.0,"memory":583536,"time_min":1.319667e6},"ipopt_jump_2788.jl 200":{"time_median":9.6018234075e11,"allocs":80,"gc_min":0.0,"gc_median":0.0,"memory":3472,"time_min":9.6018234075e11},"inverse_ising_register.jl rple":{"time_median":4.4718604125e10,"allocs":74,"gc_min":0.0,"gc_median":0.0,"memory":3168,"time_min":4.4718604125e10},"benchmark_matrix_affine_product_050":{"time_median":4.52456245e7,"allocs":57626,"gc_min":0.0,"gc_median":0.0,"memory":19987344,"time_min":4.2733292e7},"benchmark_array_sum_010":{"time_median":1.482e6,"allocs":11156,"gc_min":0.0,"gc_median":0.0,"memory":763808,"time_min":1.413084e6},"ipopt_jump_2788.jl 400":{"time_median":3.8577872834e10,"allocs":80,"gc_min":0.0,"gc_median":0.0,"memory":3472,"time_min":3.8577872834e10},"benchmark_value_nonlinear_expression":{"time_median":1.72272335e10,"allocs":11262348,"gc_min":1.261508627e9,"gc_median":1.261508627e9,"memory":1894793620,"time_min":1.72272335e10},"benchmark_macro_quad_050":{"time_median":9.865157e9,"allocs":24121929,"gc_min":5.16577874e8,"gc_median":5.16577874e8,"memory":2049127040,"time_min":9.865157e9},"benchmark_jump_creating_model":{"time_median":7685.222222222223,"allocs":88,"gc_min":0.0,"gc_median":0.0,"memory":9264,"time_min":6782.444444444444},"benchmark_matrix_quadratic_product_050":{"time_median":2.136432292e9,"allocs":117628,"gc_min":4.28159584e8,"gc_median":4.81926917e8,"memory":495967424,"time_min":2.037049084e9},"benchmark_dense_axis_constraints_index":{"time_median":7.372271e6,"allocs":53652,"gc_min":0.0,"gc_median":0.0,"memory":3030624,"time_min":7.205667e6},"gurobi_facility.jl 100":{"time_median":1.455162706e12,"allocs":80,"gc_min":0.0,"gc_median":0.0,"memory":3472,"time_min":1.455162706e12},"benchmark_print_model":{"time_median":294459.0,"allocs":1434,"gc_min":0.0,"gc_median":0.0,"memory":101840,"time_min":280542.0},"benchmark_jump_creating_small_constraints":{"time_median":1.030406792e9,"allocs":3697476,"gc_min":2.35187624e8,"gc_median":3.39255375e8,"memory":275222944,"time_min":9.39502375e8},"power_models_opf_acr.jl pglib_opf_case5_pjm":{"time_median":7.1144861459e10,"allocs":74,"gc_min":0.0,"gc_median":0.0,"memory":3168,"time_min":7.1144861459e10},"benchmark_vector_sum_050":{"time_median":77875.0,"allocs":485,"gc_min":0.0,"gc_median":0.0,"memory":44656,"time_min":69167.0},"benchmark_array_sum_050":{"time_median":2.74206083e8,"allocs":1375209,"gc_min":2.2431584e7,"gc_median":5.4126125e7,"memory":82413120,"time_min":2.40478083e8},"ipopt_clnlbeam.jl 500":{"time_median":9.70350954e11,"allocs":80,"gc_min":0.0,"gc_median":0.0,"memory":3472,"time_min":9.70350954e11},"benchmark_macro_linear_010":{"time_median":4.0736333e7,"allocs":74093,"gc_min":0.0,"gc_median":0.0,"memory":4900032,"time_min":3.9666e7},"gurobi_lqcp.jl 1000":{"time_median":2.65113802542e11,"allocs":81,"gc_min":0.0,"gc_median":0.0,"memory":3456,"time_min":2.65113802542e11},"gurobi_lqcp.jl 1500":{"time_median":1.46095943292e11,"allocs":81,"gc_min":0.0,"gc_median":0.0,"memory":3456,"time_min":1.46095943292e11},"benchmark_macro_linear_050":{"time_median":5.89289525e9,"allocs":4913227,"gc_min":3.30755666e8,"gc_median":3.30755666e8,"memory":319168064,"time_min":5.89289525e9},"benchmark_jump_creating_variable_sparse_axis_array":{"time_median":751458.0,"allocs":5136,"gc_min":0.0,"gc_median":0.0,"memory":269648,"time_min":720375.0},"benchmark_dense_axis_constraints_iterate":{"time_median":7.361292e6,"allocs":53652,"gc_min":0.0,"gc_median":0.0,"memory":3030624,"time_min":7.189583e6},"benchmark_print_model_10000":{"time_median":2.5199166e7,"allocs":129970,"gc_min":0.0,"gc_median":0.0,"memory":9462592,"time_min":2.4562584e7},"benchmark_jump_creating_variable_array":{"time_median":1.40975e6,"allocs":10136,"gc_min":0.0,"gc_median":0.0,"memory":583488,"time_min":1.33675e6},"gurobi_facility.jl 50":{"time_median":1.10235979625e11,"allocs":80,"gc_min":0.0,"gc_median":0.0,"memory":3472,"time_min":1.10235979625e11},"inverse_ising_expr.jl rple":{"time_median":4.7444965292e10,"allocs":74,"gc_min":0.0,"gc_median":0.0,"memory":3168,"time_min":4.7444965292e10},"inverse_ising_expr.jl rise":{"time_median":3.8561353375e10,"allocs":75,"gc_min":0.0,"gc_median":0.0,"memory":3472,"time_min":3.8561353375e10},"benchmark_matrix_sum_050":{"time_median":3.226896e6,"allocs":22665,"gc_min":0.0,"gc_median":0.0,"memory":1475872,"time_min":3.12425e6},"benchmark_sparse_axis_constraints_iterate":{"time_median":4.949604e6,"allocs":36735,"gc_min":0.0,"gc_median":0.0,"memory":2278480,"time_min":4.8165e6},"benchmark_ipopt_fractional_power":{"time_median":1.05246875e7,"allocs":1769,"gc_min":0.0,"gc_median":0.0,"memory":94800,"time_min":1.0337583e7},"gurobi_facility.jl 25":{"time_median":3.9419758375e10,"allocs":80,"gc_min":0.0,"gc_median":0.0,"memory":3472,"time_min":3.9419758375e10},"benchmark_matrix_sum_010":{"time_median":144958.0,"allocs":1035,"gc_min":0.0,"gc_median":0.0,"memory":70992,"time_min":133458.0},"power_models_opf_acp.jl pglib_opf_case5_pjm":{"time_median":8.1683425125e10,"allocs":74,"gc_min":0.0,"gc_median":0.0,"memory":3168,"time_min":8.1683425125e10},"inverse_ising_register.jl rise":{"time_median":6.6778962833e10,"allocs":74,"gc_min":0.0,"gc_median":0.0,"memory":3168,"time_min":6.6778962833e10},"ipopt_clnlbeam.jl 50":{"time_median":6.0884599709e10,"allocs":80,"gc_min":0.0,"gc_median":0.0,"memory":3472,"time_min":6.0884599709e10},"benchmark_matrix_affine_product_010":{"time_median":449750.0,"allocs":2006,"gc_min":0.0,"gc_median":0.0,"memory":231136,"time_min":403917.0},"ipopt_clnlbeam.jl 5":{"time_median":4.1921306959e10,"allocs":80,"gc_min":0.0,"gc_median":0.0,"memory":3472,"time_min":4.1921306959e10}}