{"benchmark_p_median":{"time_median":7.74790042e8,"allocs":9014167,"gc_min":1.5204075e8,"gc_median":1.85761666e8,"memory":711984416,"time_min":7.4067425e8},"gurobi_facility.jl 75":{"time_median":2.2875135125e10,"allocs":465,"gc_min":0.0,"gc_median":0.0,"memory":21776,"time_min":2.2875135125e10},"benchmark_print_AffExpr":{"time_median":127334.0,"allocs":1791,"gc_min":0.0,"gc_median":0.0,"memory":141648,"time_min":124750.0},"benchmark_vector_sum_010":{"time_median":8583.0,"allocs":198,"gc_min":0.0,"gc_median":0.0,"memory":16608,"time_min":8125.0},"gurobi_lqcp.jl 2000":{"time_median":4.9813822375e10,"allocs":81,"gc_min":0.0,"gc_median":0.0,"memory":3456,"time_min":4.9813822375e10},"benchmark_print_small_model":{"time_median":230750.0,"allocs":3355,"gc_min":0.0,"gc_median":0.0,"memory":259248,"time_min":227292.0},"benchmark_matrix_quadratic_product_010":{"time_median":1.349417e6,"allocs":3611,"gc_min":0.0,"gc_median":0.0,"memory":1059504,"time_min":1.332875e6},"benchmark_sparse_axis_constraints_index":{"time_median":1.850042e6,"allocs":39231,"gc_min":0.0,"gc_median":0.0,"memory":2798144,"time_min":1.818833e6},"benchmark_macro_quad_010":{"time_median":1.9539625e7,"allocs":179917,"gc_min":0.0,"gc_median":0.0,"memory":14445584,"time_min":1.9388292e7},"gurobi_lqcp.jl 500":{"time_median":1.2086305041e10,"allocs":80,"gc_min":0.0,"gc_median":0.0,"memory":3440,"time_min":1.2086305041e10},"ipopt_jump_2788.jl 800":{"time_median":1.1599615958e10,"allocs":81,"gc_min":0.0,"gc_median":0.0,"memory":3488,"time_min":1.1599615958e10},"benchmark_jump_creating_variable_dense_axis_array":{"time_median":581500.0,"allocs":10141,"gc_min":0.0,"gc_median":0.0,"memory":583808,"time_min":570334.0},"ipopt_jump_2788.jl 200":{"time_median":1.0925953084e10,"allocs":80,"gc_min":0.0,"gc_median":0.0,"memory":3472,"time_min":1.0925953084e10},"benchmark_matrix_affine_product_050":{"time_median":1.62866455e7,"allocs":57630,"gc_min":0.0,"gc_median":0.0,"memory":19987616,"time_min":1.5675667e7},"benchmark_array_sum_010":{"time_median":575708.0,"allocs":11161,"gc_min":0.0,"gc_median":0.0,"memory":764096,"time_min":566292.0},"ipopt_jump_2788.jl 400":{"time_median":1.1564366833e10,"allocs":80,"gc_min":0.0,"gc_median":0.0,"memory":3472,"time_min":1.1564366833e10},"benchmark_value_nonlinear_expression":{"time_median":6.337523792e9,"allocs":17784150,"gc_min":4.42017456e8,"gc_median":4.42017456e8,"memory":2274171314,"time_min":6.337523792e9},"benchmark_macro_quad_050":{"time_median":2.884806229e9,"allocs":20520343,"gc_min":1.36608458e8,"gc_median":2.15182707e8,"memory":1645749232,"time_min":2.8161215e9},"benchmark_jump_creating_model":{"time_median":2680.5555555555557,"allocs":92,"gc_min":0.0,"gc_median":0.0,"memory":9536,"time_min":2564.777777777778},"benchmark_matrix_quadratic_product_050":{"time_median":7.9102625e8,"allocs":117632,"gc_min":5.0626626e7,"gc_median":1.09738042e8,"memory":495967696,"time_min":7.16442125e8},"benchmark_dense_axis_constraints_index":{"time_median":2.7490625e6,"allocs":58643,"gc_min":0.0,"gc_median":0.0,"memory":4069248,"time_min":2.72025e6},"gurobi_facility.jl 100":{"time_median":4.1941738875e10,"allocs":80,"gc_min":0.0,"gc_median":0.0,"memory":3472,"time_min":4.1941738875e10},"benchmark_print_model":{"time_median":132750.0,"allocs":1830,"gc_min":0.0,"gc_median":0.0,"memory":148032,"time_min":130292.0},"benchmark_jump_creating_small_constraints":{"time_median":2.82641959e8,"allocs":4097053,"gc_min":4.4846209e7,"gc_median":6.4535583e7,"memory":277918416,"time_min":2.55504916e8},"benchmark_vector_sum_050":{"time_median":29000.0,"allocs":491,"gc_min":0.0,"gc_median":0.0,"memory":44960,"time_min":27667.0},"benchmark_array_sum_050":{"time_median":8.5049771e7,"allocs":1375214,"gc_min":5.094458e6,"gc_median":7.006187e6,"memory":82413408,"time_min":8.2114417e7},"ipopt_clnlbeam.jl 500":{"time_median":4.2040330416e10,"allocs":80,"gc_min":0.0,"gc_median":0.0,"memory":3472,"time_min":4.2040330416e10},"benchmark_macro_linear_010":{"time_median":1.57890625e7,"allocs":74107,"gc_min":0.0,"gc_median":0.0,"memory":4900464,"time_min":1.5702208e7},"gurobi_lqcp.jl 1000":{"time_median":1.8042104833e10,"allocs":81,"gc_min":0.0,"gc_median":0.0,"memory":3456,"time_min":1.8042104833e10},"gurobi_lqcp.jl 1500":{"time_median":2.9651329e10,"allocs":81,"gc_min":0.0,"gc_median":0.0,"memory":3456,"time_min":2.9651329e10},"benchmark_macro_linear_050":{"time_median":2.117051459e9,"allocs":4913241,"gc_min":5.2279e7,"gc_median":5.4814e7,"memory":319168496,"time_min":2.107114875e9},"benchmark_jump_creating_variable_sparse_axis_array":{"time_median":303792.0,"allocs":5140,"gc_min":0.0,"gc_median":0.0,"memory":269920,"time_min":298416.0},"benchmark_dense_axis_constraints_iterate":{"time_median":2.752125e6,"allocs":58643,"gc_min":0.0,"gc_median":0.0,"memory":4069248,"time_min":2.716333e6},"benchmark_print_model_10000":{"time_median":1.2294291e7,"allocs":169967,"gc_min":0.0,"gc_median":0.0,"memory":14102224,"time_min":1.2188791e7},"benchmark_jump_creating_variable_array":{"time_median":579750.0,"allocs":10140,"gc_min":0.0,"gc_median":0.0,"memory":583760,"time_min":569375.0},"gurobi_facility.jl 50":{"time_median":1.3648219958e10,"allocs":80,"gc_min":0.0,"gc_median":0.0,"memory":3472,"time_min":1.3648219958e10},"benchmark_matrix_sum_050":{"time_median":1.2853125e6,"allocs":22670,"gc_min":0.0,"gc_median":0.0,"memory":1476160,"time_min":1.260208e6},"benchmark_sparse_axis_constraints_iterate":{"time_median":1.839625e6,"allocs":39231,"gc_min":0.0,"gc_median":0.0,"memory":2798144,"time_min":1.815125e6},"gurobi_facility.jl 25":{"time_median":1.0236304125e10,"allocs":80,"gc_min":0.0,"gc_median":0.0,"memory":3472,"time_min":1.0236304125e10},"benchmark_matrix_sum_010":{"time_median":56042.0,"allocs":1041,"gc_min":0.0,"gc_median":0.0,"memory":71296,"time_min":54250.0},"power_models_opf_acp.jl pglib_opf_case5_pjm":{"time_median":2.3241023459e10,"allocs":74,"gc_min":0.0,"gc_median":0.0,"memory":3168,"time_min":2.3241023459e10},"ipopt_clnlbeam.jl 50":{"time_median":1.3883228541e10,"allocs":80,"gc_min":0.0,"gc_median":0.0,"memory":3472,"time_min":1.3883228541e10},"benchmark_matrix_affine_product_010":{"time_median":160583.0,"allocs":2010,"gc_min":0.0,"gc_median":0.0,"memory":231408,"time_min":158458.0},"ipopt_clnlbeam.jl 5":{"time_median":1.1064038041e10,"allocs":80,"gc_min":0.0,"gc_median":0.0,"memory":3472,"time_min":1.1064038041e10}}