{"gurobi_facility.jl 75":{"time_median":2.2886422458e10,"allocs":465,"gc_min":0.0,"gc_median":0.0,"memory":21776,"time_min":2.2886422458e10},"ipopt_clnlbeam.jl 500":{"time_median":4.1340735292e10,"allocs":80,"gc_min":0.0,"gc_median":0.0,"memory":3472,"time_min":4.1340735292e10},"gurobi_lqcp.jl 1000":{"time_median":1.7877464208e10,"allocs":81,"gc_min":0.0,"gc_median":0.0,"memory":3456,"time_min":1.7877464208e10},"gurobi_lqcp.jl 2000":{"time_median":5.0535757834e10,"allocs":81,"gc_min":0.0,"gc_median":0.0,"memory":3456,"time_min":5.0535757834e10},"ipopt_jump_2788.jl 400":{"time_median":1.1566452291e10,"allocs":80,"gc_min":0.0,"gc_median":0.0,"memory":3472,"time_min":1.1566452291e10},"gurobi_lqcp.jl 1500":{"time_median":2.8907321041e10,"allocs":81,"gc_min":0.0,"gc_median":0.0,"memory":3456,"time_min":2.8907321041e10},"benchmark_value_nonlinear_expression":{"time_median":7.322154542e9,"allocs":20825581,"gc_min":5.34745125e8,"gc_median":5.34745125e8,"memory":2486849705,"time_min":7.322154542e9},"ipopt_clnlbeam.jl 50":{"time_median":1.4224475709e10,"allocs":80,"gc_min":0.0,"gc_median":0.0,"memory":3472,"time_min":1.4224475709e10},"benchmark_jump_creating_variable_sparse_axis_array":{"time_median":312791.0,"allocs":4640,"gc_min":0.0,"gc_median":0.0,"memory":261920,"time_min":308000.0},"benchmark_jump_creating_model":{"time_median":2754.6666666666665,"allocs":92,"gc_min":0.0,"gc_median":0.0,"memory":9536,"time_min":2638.8888888888887},"benchmark_jump_creating_variable_array":{"time_median":590875.0,"allocs":9140,"gc_min":0.0,"gc_median":0.0,"memory":567760,"time_min":581750.0},"gurobi_facility.jl 50":{"time_median":1.3575924666e10,"allocs":80,"gc_min":0.0,"gc_median":0.0,"memory":3472,"time_min":1.3575924666e10},"gurobi_facility.jl 100":{"time_median":4.1875398125e10,"allocs":80,"gc_min":0.0,"gc_median":0.0,"memory":3472,"time_min":4.1875398125e10},"gurobi_lqcp.jl 500":{"time_median":1.1704170375e10,"allocs":80,"gc_min":0.0,"gc_median":0.0,"memory":3440,"time_min":1.1704170375e10},"benchmark_jump_creating_small_constraints":{"time_median":2.98018208e8,"allocs":3997053,"gc_min":4.8106999e7,"gc_median":6.84407915e7,"memory":276318416,"time_min":2.68973375e8},"ipopt_jump_2788.jl 800":{"time_median":1.1634096375e10,"allocs":81,"gc_min":0.0,"gc_median":0.0,"memory":3488,"time_min":1.1634096375e10},"benchmark_jump_creating_variable_dense_axis_array":{"time_median":592000.0,"allocs":9141,"gc_min":0.0,"gc_median":0.0,"memory":567808,"time_min":581417.0},"ipopt_jump_2788.jl 200":{"time_median":1.0917068375e10,"allocs":80,"gc_min":0.0,"gc_median":0.0,"memory":3472,"time_min":1.0917068375e10},"ipopt_clnlbeam.jl 5":{"time_median":1.1094468417e10,"allocs":80,"gc_min":0.0,"gc_median":0.0,"memory":3472,"time_min":1.1094468417e10},"gurobi_facility.jl 25":{"time_median":1.0265279875e10,"allocs":80,"gc_min":0.0,"gc_median":0.0,"memory":3472,"time_min":1.0265279875e10},"power_models_opf_acp.jl pglib_opf_case5_pjm":{"time_median":2.2882755458e10,"allocs":74,"gc_min":0.0,"gc_median":0.0,"memory":3168,"time_min":2.2882755458e10}}