{"benchmark_p_median":{"time_median":8.137661455e8,"allocs":9014167,"gc_min":1.19037209e8,"gc_median":1.83170896e8,"memory":711984416,"time_min":7.39198125e8},"gurobi_facility.jl 75":{"time_median":2.2340412375e10,"allocs":465,"gc_min":0.0,"gc_median":0.0,"memory":21776,"time_min":2.2340412375e10},"inverse_ising_register.jl logrise":{"time_median":1.1852040875e10,"allocs":74,"gc_min":0.0,"gc_median":0.0,"memory":3168,"time_min":1.1852040875e10},"benchmark_print_AffExpr":{"time_median":126041.0,"allocs":1791,"gc_min":0.0,"gc_median":0.0,"memory":141648,"time_min":124000.0},"benchmark_vector_sum_010":{"time_median":8528.0,"allocs":198,"gc_min":0.0,"gc_median":0.0,"memory":16608,"time_min":8194.333333333334},"gurobi_lqcp.jl 2000":{"time_median":5.0462447916e10,"allocs":81,"gc_min":0.0,"gc_median":0.0,"memory":3456,"time_min":5.0462447916e10},"benchmark_print_small_model":{"time_median":228084.0,"allocs":3355,"gc_min":0.0,"gc_median":0.0,"memory":259248,"time_min":223084.0},"benchmark_matrix_quadratic_product_010":{"time_median":1.32475e6,"allocs":3611,"gc_min":0.0,"gc_median":0.0,"memory":1059504,"time_min":1.306583e6},"benchmark_sparse_axis_constraints_index":{"time_median":1.83675e6,"allocs":39231,"gc_min":0.0,"gc_median":0.0,"memory":2798144,"time_min":1.811833e6},"inverse_ising_expr.jl logrise":{"time_median":1.1846030375e10,"allocs":74,"gc_min":0.0,"gc_median":0.0,"memory":3168,"time_min":1.1846030375e10},"benchmark_macro_quad_010":{"time_median":1.9415104e7,"allocs":179917,"gc_min":0.0,"gc_median":0.0,"memory":14445584,"time_min":1.9206458e7},"gurobi_lqcp.jl 500":{"time_median":1.1582132958e10,"allocs":80,"gc_min":0.0,"gc_median":0.0,"memory":3440,"time_min":1.1582132958e10},"ipopt_jump_2788.jl 800":{"time_median":1.161915725e10,"allocs":81,"gc_min":0.0,"gc_median":0.0,"memory":3488,"time_min":1.161915725e10},"benchmark_jump_creating_variable_dense_axis_array":{"time_median":586667.0,"allocs":10141,"gc_min":0.0,"gc_median":0.0,"memory":583808,"time_min":574708.0},"ipopt_jump_2788.jl 200":{"time_median":1.0929446625e10,"allocs":80,"gc_min":0.0,"gc_median":0.0,"memory":3472,"time_min":1.0929446625e10},"inverse_ising_register.jl rple":{"time_median":1.1890447625e10,"allocs":74,"gc_min":0.0,"gc_median":0.0,"memory":3168,"time_min":1.1890447625e10},"benchmark_matrix_affine_product_050":{"time_median":1.6251334e7,"allocs":57630,"gc_min":0.0,"gc_median":0.0,"memory":19987616,"time_min":1.5474791e7},"benchmark_array_sum_010":{"time_median":574542.0,"allocs":11161,"gc_min":0.0,"gc_median":0.0,"memory":764096,"time_min":565125.0},"ipopt_jump_2788.jl 400":{"time_median":1.1556403791e10,"allocs":80,"gc_min":0.0,"gc_median":0.0,"memory":3472,"time_min":1.1556403791e10},"benchmark_value_nonlinear_expression":{"time_median":6.355426208e9,"allocs":17792771,"gc_min":4.44043044e8,"gc_median":4.44043044e8,"memory":2273791378,"time_min":6.355426208e9},"benchmark_macro_quad_050":{"time_median":2.8745618545e9,"allocs":20520343,"gc_min":1.45298458e8,"gc_median":2.24346271e8,"memory":1645749232,"time_min":2.798134167e9},"benchmark_jump_creating_model":{"time_median":2717.6666666666665,"allocs":92,"gc_min":0.0,"gc_median":0.0,"memory":9536,"time_min":2587.8888888888887},"benchmark_matrix_quadratic_product_050":{"time_median":7.68649792e8,"allocs":117632,"gc_min":4.9562875e7,"gc_median":1.12896791e8,"memory":495967696,"time_min":6.881405e8},"benchmark_dense_axis_constraints_index":{"time_median":2.724708e6,"allocs":58643,"gc_min":0.0,"gc_median":0.0,"memory":4069248,"time_min":2.688709e6},"gurobi_facility.jl 100":{"time_median":4.2452108833e10,"allocs":80,"gc_min":0.0,"gc_median":0.0,"memory":3472,"time_min":4.2452108833e10},"benchmark_print_model":{"time_median":132625.0,"allocs":1830,"gc_min":0.0,"gc_median":0.0,"memory":148032,"time_min":130000.0},"benchmark_jump_creating_small_constraints":{"time_median":2.88435833e8,"allocs":4097053,"gc_min":4.3189e7,"gc_median":6.3698958e7,"memory":277918416,"time_min":2.64819e8},"power_models_opf_acr.jl pglib_opf_case5_pjm":{"time_median":2.0998509166e10,"allocs":74,"gc_min":0.0,"gc_median":0.0,"memory":3168,"time_min":2.0998509166e10},"benchmark_vector_sum_050":{"time_median":29125.0,"allocs":491,"gc_min":0.0,"gc_median":0.0,"memory":44960,"time_min":27666.0},"benchmark_array_sum_050":{"time_median":8.5618708e7,"allocs":1375214,"gc_min":5.864e6,"gc_median":7.911792e6,"memory":82413408,"time_min":8.2353791e7},"ipopt_clnlbeam.jl 500":{"time_median":4.1657334042e10,"allocs":80,"gc_min":0.0,"gc_median":0.0,"memory":3472,"time_min":4.1657334042e10},"benchmark_macro_linear_010":{"time_median":1.5758313e7,"allocs":74107,"gc_min":0.0,"gc_median":0.0,"memory":4900464,"time_min":1.5712791e7},"gurobi_lqcp.jl 1000":{"time_median":1.8271345208e10,"allocs":81,"gc_min":0.0,"gc_median":0.0,"memory":3456,"time_min":1.8271345208e10},"gurobi_lqcp.jl 1500":{"time_median":2.8994553458e10,"allocs":81,"gc_min":0.0,"gc_median":0.0,"memory":3456,"time_min":2.8994553458e10},"benchmark_macro_linear_050":{"time_median":2.11473825e9,"allocs":4913241,"gc_min":5.3713333e7,"gc_median":5.6359041e7,"memory":319168496,"time_min":2.107479083e9},"benchmark_jump_creating_variable_sparse_axis_array":{"time_median":307084.0,"allocs":5140,"gc_min":0.0,"gc_median":0.0,"memory":269920,"time_min":302250.0},"benchmark_dense_axis_constraints_iterate":{"time_median":2.729875e6,"allocs":58643,"gc_min":0.0,"gc_median":0.0,"memory":4069248,"time_min":2.690958e6},"benchmark_print_model_10000":{"time_median":1.2271709e7,"allocs":169967,"gc_min":0.0,"gc_median":0.0,"memory":14102224,"time_min":1.2187125e7},"benchmark_jump_creating_variable_array":{"time_median":591292.0,"allocs":10140,"gc_min":0.0,"gc_median":0.0,"memory":583760,"time_min":581750.0},"gurobi_facility.jl 50":{"time_median":1.3743339458e10,"allocs":80,"gc_min":0.0,"gc_median":0.0,"memory":3472,"time_min":1.3743339458e10},"inverse_ising_expr.jl rple":{"time_median":1.1693632792e10,"allocs":74,"gc_min":0.0,"gc_median":0.0,"memory":3168,"time_min":1.1693632792e10},"inverse_ising_expr.jl rise":{"time_median":1.1676554125e10,"allocs":75,"gc_min":0.0,"gc_median":0.0,"memory":3472,"time_min":1.1676554125e10},"benchmark_matrix_sum_050":{"time_median":1.2723545e6,"allocs":22670,"gc_min":0.0,"gc_median":0.0,"memory":1476160,"time_min":1.252e6},"benchmark_sparse_axis_constraints_iterate":{"time_median":1.840334e6,"allocs":39231,"gc_min":0.0,"gc_median":0.0,"memory":2798144,"time_min":1.818875e6},"benchmark_ipopt_fractional_power":{"time_median":3.517667e6,"allocs":1802,"gc_min":0.0,"gc_median":0.0,"memory":96288,"time_min":3.452083e6},"gurobi_facility.jl 25":{"time_median":1.0392408167e10,"allocs":80,"gc_min":0.0,"gc_median":0.0,"memory":3472,"time_min":1.0392408167e10},"benchmark_matrix_sum_010":{"time_median":56000.0,"allocs":1041,"gc_min":0.0,"gc_median":0.0,"memory":71296,"time_min":54292.0},"power_models_opf_acp.jl pglib_opf_case5_pjm":{"time_median":2.2861664417e10,"allocs":74,"gc_min":0.0,"gc_median":0.0,"memory":3168,"time_min":2.2861664417e10},"inverse_ising_register.jl rise":{"time_median":1.1808101625e10,"allocs":74,"gc_min":0.0,"gc_median":0.0,"memory":3168,"time_min":1.1808101625e10},"ipopt_clnlbeam.jl 50":{"time_median":1.3969827917e10,"allocs":80,"gc_min":0.0,"gc_median":0.0,"memory":3472,"time_min":1.3969827917e10},"benchmark_matrix_affine_product_010":{"time_median":158709.0,"allocs":2010,"gc_min":0.0,"gc_median":0.0,"memory":231408,"time_min":156042.0},"ipopt_clnlbeam.jl 5":{"time_median":1.1118929167e10,"allocs":80,"gc_min":0.0,"gc_median":0.0,"memory":3472,"time_min":1.1118929167e10}}