{"benchmark_p_median":{"time_median":1.9737869975e11,"allocs":8660995,"gc_min":1.224859459e9,"gc_median":1.224859459e9,"memory":733673251,"time_min":1.9737869975e11},"gurobi_facility.jl 75":{"time_median":2.38787188459e11,"allocs":465,"gc_min":0.0,"gc_median":0.0,"memory":21776,"time_min":2.38787188459e11},"inverse_ising_register.jl logrise":{"time_median":8.3048152792e10,"allocs":74,"gc_min":0.0,"gc_median":0.0,"memory":3168,"time_min":8.3048152792e10},"benchmark_print_AffExpr":{"time_median":293417.0,"allocs":1386,"gc_min":0.0,"gc_median":0.0,"memory":95120,"time_min":255667.0},"benchmark_vector_sum_010":{"time_median":24791.666666666668,"allocs":192,"gc_min":0.0,"gc_median":0.0,"memory":16304,"time_min":21361.0},"gurobi_lqcp.jl 2000":{"time_median":2.07363932166e11,"allocs":81,"gc_min":0.0,"gc_median":0.0,"memory":3456,"time_min":2.07363932166e11},"benchmark_print_small_model":{"time_median":579500.0,"allocs":2722,"gc_min":0.0,"gc_median":0.0,"memory":185968,"time_min":522458.0},"benchmark_matrix_quadratic_product_010":{"time_median":3.8530205e6,"allocs":3607,"gc_min":0.0,"gc_median":0.0,"memory":1059232,"time_min":3.381833e6},"benchmark_sparse_axis_constraints_index":{"time_median":7.294094458e9,"allocs":6669426,"gc_min":3.24939834e8,"gc_median":3.24939834e8,"memory":551835852,"time_min":7.294094458e9},"inverse_ising_expr.jl logrise":{"time_median":8.0140642541e10,"allocs":74,"gc_min":0.0,"gc_median":0.0,"memory":3168,"time_min":8.0140642541e10},"benchmark_macro_quad_010":{"time_median":7.2915021e7,"allocs":204293,"gc_min":0.0,"gc_median":0.0,"memory":17176832,"time_min":7.0726583e7},"gurobi_lqcp.jl 500":{"time_median":7.7335061666e10,"allocs":80,"gc_min":0.0,"gc_median":0.0,"memory":3440,"time_min":7.7335061666e10},"ipopt_jump_2788.jl 800":{"time_median":4.91246905833e11,"allocs":81,"gc_min":0.0,"gc_median":0.0,"memory":3488,"time_min":4.91246905833e11},"benchmark_jump_creating_variable_dense_axis_array":{"time_median":1.497708e6,"allocs":10137,"gc_min":0.0,"gc_median":0.0,"memory":583536,"time_min":1.392e6},"ipopt_jump_2788.jl 200":{"time_median":5.9711133791e10,"allocs":80,"gc_min":0.0,"gc_median":0.0,"memory":3472,"time_min":5.9711133791e10},"inverse_ising_register.jl rple":{"time_median":4.2354431791e10,"allocs":74,"gc_min":0.0,"gc_median":0.0,"memory":3168,"time_min":4.2354431791e10},"benchmark_matrix_affine_product_050":{"time_median":5.0683771e7,"allocs":57626,"gc_min":0.0,"gc_median":0.0,"memory":19987344,"time_min":4.6694083e7},"benchmark_array_sum_010":{"time_median":1.582104e6,"allocs":11156,"gc_min":0.0,"gc_median":0.0,"memory":763808,"time_min":1.491417e6},"ipopt_jump_2788.jl 400":{"time_median":2.4173913575e11,"allocs":80,"gc_min":0.0,"gc_median":0.0,"memory":3472,"time_min":2.4173913575e11},"benchmark_value_nonlinear_expression":{"time_median":1.8101870417e10,"allocs":11195987,"gc_min":1.299625249e9,"gc_median":1.299625249e9,"memory":1891106882,"time_min":1.8101870417e10},"benchmark_macro_quad_050":{"time_median":1.7271730458e10,"allocs":24121929,"gc_min":5.38704043e8,"gc_median":5.38704043e8,"memory":2049127040,"time_min":1.7271730458e10},"benchmark_jump_creating_model":{"time_median":8013.888888888889,"allocs":88,"gc_min":0.0,"gc_median":0.0,"memory":9264,"time_min":6935.222222222223},"benchmark_matrix_quadratic_product_050":{"time_median":2.43713e9,"allocs":117628,"gc_min":4.16899333e8,"gc_median":4.87972208e8,"memory":495967424,"time_min":2.344576e9},"benchmark_dense_axis_constraints_index":{"time_median":7.7255e6,"allocs":53652,"gc_min":0.0,"gc_median":0.0,"memory":3030624,"time_min":7.487875e6},"gurobi_facility.jl 100":{"time_median":2.4548333025e11,"allocs":80,"gc_min":0.0,"gc_median":0.0,"memory":3472,"time_min":2.4548333025e11},"benchmark_print_model":{"time_median":319417.0,"allocs":1434,"gc_min":0.0,"gc_median":0.0,"memory":101840,"time_min":285000.0},"benchmark_jump_creating_small_constraints":{"time_median":1.065942521e9,"allocs":3697476,"gc_min":2.41519126e8,"gc_median":3.426473745e8,"memory":275222944,"time_min":9.86745583e8},"power_models_opf_acr.jl pglib_opf_case5_pjm":{"time_median":1.55200183125e11,"allocs":74,"gc_min":0.0,"gc_median":0.0,"memory":3168,"time_min":1.55200183125e11},"benchmark_vector_sum_050":{"time_median":81083.0,"allocs":485,"gc_min":0.0,"gc_median":0.0,"memory":44656,"time_min":69375.0},"benchmark_array_sum_050":{"time_median":2.88146333e8,"allocs":1375209,"gc_min":2.2284541e7,"gc_median":5.86856875e7,"memory":82413120,"time_min":2.43923208e8},"ipopt_clnlbeam.jl 500":{"time_median":3.60026262875e11,"allocs":80,"gc_min":0.0,"gc_median":0.0,"memory":3472,"time_min":3.60026262875e11},"benchmark_macro_linear_010":{"time_median":4.4717834e7,"allocs":74093,"gc_min":0.0,"gc_median":0.0,"memory":4900032,"time_min":4.2780166e7},"gurobi_lqcp.jl 1000":{"time_median":1.41798386875e11,"allocs":81,"gc_min":0.0,"gc_median":0.0,"memory":3456,"time_min":1.41798386875e11},"gurobi_lqcp.jl 1500":{"time_median":1.34189721916e11,"allocs":81,"gc_min":0.0,"gc_median":0.0,"memory":3456,"time_min":1.34189721916e11},"benchmark_macro_linear_050":{"time_median":6.871097083e9,"allocs":4913227,"gc_min":3.35899334e8,"gc_median":3.35899334e8,"memory":319168064,"time_min":6.871097083e9},"benchmark_jump_creating_variable_sparse_axis_array":{"time_median":809291.5,"allocs":5136,"gc_min":0.0,"gc_median":0.0,"memory":269648,"time_min":744209.0},"benchmark_dense_axis_constraints_iterate":{"time_median":7.744125e6,"allocs":53652,"gc_min":0.0,"gc_median":0.0,"memory":3030624,"time_min":7.470125e6},"benchmark_print_model_10000":{"time_median":2.6523958e7,"allocs":129970,"gc_min":0.0,"gc_median":0.0,"memory":9462592,"time_min":2.5932875e7},"benchmark_jump_creating_variable_array":{"time_median":1.494042e6,"allocs":10136,"gc_min":0.0,"gc_median":0.0,"memory":583488,"time_min":1.38475e6},"gurobi_facility.jl 50":{"time_median":5.8893591375e10,"allocs":80,"gc_min":0.0,"gc_median":0.0,"memory":3472,"time_min":5.8893591375e10},"inverse_ising_expr.jl rple":{"time_median":7.91300785e10,"allocs":74,"gc_min":0.0,"gc_median":0.0,"memory":3168,"time_min":7.91300785e10},"inverse_ising_expr.jl rise":{"time_median":4.7088148583e10,"allocs":75,"gc_min":0.0,"gc_median":0.0,"memory":3472,"time_min":4.7088148583e10},"benchmark_matrix_sum_050":{"time_median":3.4406875e6,"allocs":22665,"gc_min":0.0,"gc_median":0.0,"memory":1475872,"time_min":3.281958e6},"benchmark_sparse_axis_constraints_iterate":{"time_median":5.326792e6,"allocs":36735,"gc_min":0.0,"gc_median":0.0,"memory":2278480,"time_min":5.15325e6},"benchmark_ipopt_fractional_power":{"time_median":2.587447875e9,"allocs":1695043,"gc_min":3.4267125e7,"gc_median":3.4267125e7,"memory":95512459,"time_min":2.587447875e9},"gurobi_facility.jl 25":{"time_median":3.7141006791e10,"allocs":80,"gc_min":0.0,"gc_median":0.0,"memory":3472,"time_min":3.7141006791e10},"benchmark_matrix_sum_010":{"time_median":151542.0,"allocs":1035,"gc_min":0.0,"gc_median":0.0,"memory":70992,"time_min":139208.0},"power_models_opf_acp.jl pglib_opf_case5_pjm":{"time_median":1.06659823041e11,"allocs":74,"gc_min":0.0,"gc_median":0.0,"memory":3168,"time_min":1.06659823041e11},"inverse_ising_register.jl rise":{"time_median":8.4631381042e10,"allocs":74,"gc_min":0.0,"gc_median":0.0,"memory":3168,"time_min":8.4631381042e10},"ipopt_clnlbeam.jl 50":{"time_median":6.8862562875e10,"allocs":80,"gc_min":0.0,"gc_median":0.0,"memory":3472,"time_min":6.8862562875e10},"benchmark_matrix_affine_product_010":{"time_median":463416.0,"allocs":2006,"gc_min":0.0,"gc_median":0.0,"memory":231136,"time_min":412125.0},"ipopt_clnlbeam.jl 5":{"time_median":1.92904214792e11,"allocs":80,"gc_min":0.0,"gc_median":0.0,"memory":3472,"time_min":1.92904214792e11}}