{"benchmark_p_median":{"time_median":4.20677425e9,"allocs":8661403,"gc_min":1.147508337e9,"gc_median":1.147508337e9,"memory":733713741,"time_min":4.20677425e9},"gurobi_facility.jl 75":{"time_median":8.5948730708e10,"allocs":465,"gc_min":0.0,"gc_median":0.0,"memory":21776,"time_min":8.5948730708e10},"inverse_ising_register.jl logrise":{"time_median":3.9169854625e10,"allocs":74,"gc_min":0.0,"gc_median":0.0,"memory":3168,"time_min":3.9169854625e10},"benchmark_print_AffExpr":{"time_median":265395.5,"allocs":1386,"gc_min":0.0,"gc_median":0.0,"memory":95104,"time_min":250084.0},"benchmark_vector_sum_010":{"time_median":24152.666666666668,"allocs":192,"gc_min":0.0,"gc_median":0.0,"memory":16288,"time_min":21250.0},"gurobi_lqcp.jl 2000":{"time_median":1.134391955917e12,"allocs":81,"gc_min":0.0,"gc_median":0.0,"memory":3456,"time_min":1.134391955917e12},"benchmark_print_small_model":{"time_median":528208.0,"allocs":2722,"gc_min":0.0,"gc_median":0.0,"memory":185952,"time_min":499375.0},"benchmark_matrix_quadratic_product_010":{"time_median":3.630375e6,"allocs":3607,"gc_min":0.0,"gc_median":0.0,"memory":1059216,"time_min":3.50025e6},"benchmark_sparse_axis_constraints_index":{"time_median":6.339926666e9,"allocs":6624569,"gc_min":2.94813167e8,"gc_median":2.94813167e8,"memory":436101741,"time_min":6.339926666e9},"inverse_ising_expr.jl logrise":{"time_median":5.09665677042e11,"allocs":74,"gc_min":0.0,"gc_median":0.0,"memory":3168,"time_min":5.09665677042e11},"benchmark_macro_quad_010":{"time_median":7.4500646e7,"allocs":204293,"gc_min":0.0,"gc_median":0.0,"memory":17176816,"time_min":7.2046625e7},"gurobi_lqcp.jl 500":{"time_median":1.24772525041e11,"allocs":80,"gc_min":0.0,"gc_median":0.0,"memory":3440,"time_min":1.24772525041e11},"ipopt_jump_2788.jl 800":{"time_median":3.770150075e10,"allocs":81,"gc_min":0.0,"gc_median":0.0,"memory":3488,"time_min":3.770150075e10},"benchmark_jump_creating_variable_dense_axis_array":{"time_median":1.418875e6,"allocs":10137,"gc_min":0.0,"gc_median":0.0,"memory":583520,"time_min":1.325583e6},"ipopt_jump_2788.jl 200":{"time_median":3.5344740708e10,"allocs":80,"gc_min":0.0,"gc_median":0.0,"memory":3472,"time_min":3.5344740708e10},"inverse_ising_register.jl rple":{"time_median":4.3922874e10,"allocs":74,"gc_min":0.0,"gc_median":0.0,"memory":3168,"time_min":4.3922874e10},"benchmark_matrix_affine_product_050":{"time_median":4.623125e7,"allocs":57626,"gc_min":0.0,"gc_median":0.0,"memory":19987328,"time_min":4.4071417e7},"benchmark_array_sum_010":{"time_median":1.4901035e6,"allocs":11156,"gc_min":0.0,"gc_median":0.0,"memory":763792,"time_min":1.424083e6},"ipopt_jump_2788.jl 400":{"time_median":4.6094685708e10,"allocs":80,"gc_min":0.0,"gc_median":0.0,"memory":3472,"time_min":4.6094685708e10},"benchmark_value_nonlinear_expression":{"time_median":5.7998338584e10,"allocs":11273685,"gc_min":1.231681083e9,"gc_median":1.231681083e9,"memory":1895667323,"time_min":5.7998338584e10},"benchmark_macro_quad_050":{"time_median":1.1030206e10,"allocs":24121929,"gc_min":5.12504626e8,"gc_median":5.12504626e8,"memory":2049127024,"time_min":1.1030206e10},"benchmark_jump_creating_model":{"time_median":7740.666666666667,"allocs":88,"gc_min":0.0,"gc_median":0.0,"memory":9248,"time_min":6750.0},"benchmark_matrix_quadratic_product_050":{"time_median":2.192776916e9,"allocs":117628,"gc_min":4.86041e8,"gc_median":4.94320041e8,"memory":495967408,"time_min":2.183079583e9},"benchmark_dense_axis_constraints_index":{"time_median":8.1384375e6,"allocs":58639,"gc_min":0.0,"gc_median":0.0,"memory":4068960,"time_min":7.42725e6},"gurobi_facility.jl 100":{"time_median":3.44456342667e11,"allocs":80,"gc_min":0.0,"gc_median":0.0,"memory":3472,"time_min":3.44456342667e11},"benchmark_print_model":{"time_median":293417.0,"allocs":1434,"gc_min":0.0,"gc_median":0.0,"memory":101824,"time_min":273250.0},"benchmark_jump_creating_small_constraints":{"time_median":1.0310602915e9,"allocs":3697476,"gc_min":2.3224075e8,"gc_median":3.300802085e8,"memory":275222928,"time_min":9.4505475e8},"power_models_opf_acr.jl pglib_opf_case5_pjm":{"time_median":2.3779331525e11,"allocs":74,"gc_min":0.0,"gc_median":0.0,"memory":3168,"time_min":2.3779331525e11},"benchmark_vector_sum_050":{"time_median":77917.0,"allocs":485,"gc_min":0.0,"gc_median":0.0,"memory":44640,"time_min":68958.0},"benchmark_array_sum_050":{"time_median":2.794121875e8,"allocs":1375209,"gc_min":3.0132917e7,"gc_median":6.4515583e7,"memory":82413104,"time_min":2.469255e8},"ipopt_clnlbeam.jl 500":{"time_median":2.01184651459e11,"allocs":80,"gc_min":0.0,"gc_median":0.0,"memory":3472,"time_min":2.01184651459e11},"benchmark_macro_linear_010":{"time_median":3.9651479e7,"allocs":74093,"gc_min":0.0,"gc_median":0.0,"memory":4900016,"time_min":3.8899709e7},"gurobi_lqcp.jl 1000":{"time_median":1.08878504166e11,"allocs":81,"gc_min":0.0,"gc_median":0.0,"memory":3456,"time_min":1.08878504166e11},"gurobi_lqcp.jl 1500":{"time_median":1.98784782708e11,"allocs":81,"gc_min":0.0,"gc_median":0.0,"memory":3456,"time_min":1.98784782708e11},"benchmark_macro_linear_050":{"time_median":5.716686292e9,"allocs":4913227,"gc_min":3.29520708e8,"gc_median":3.29520708e8,"memory":319168048,"time_min":5.716686292e9},"benchmark_jump_creating_variable_sparse_axis_array":{"time_median":751020.5,"allocs":5136,"gc_min":0.0,"gc_median":0.0,"memory":269632,"time_min":718666.0},"benchmark_dense_axis_constraints_iterate":{"time_median":8.097083e6,"allocs":58639,"gc_min":0.0,"gc_median":0.0,"memory":4068960,"time_min":7.783083e6},"benchmark_print_model_10000":{"time_median":2.5200125e7,"allocs":129970,"gc_min":0.0,"gc_median":0.0,"memory":9462576,"time_min":2.4213292e7},"benchmark_jump_creating_variable_array":{"time_median":1.4226875e6,"allocs":10136,"gc_min":0.0,"gc_median":0.0,"memory":583472,"time_min":1.380625e6},"gurobi_facility.jl 50":{"time_median":1.21119155833e11,"allocs":80,"gc_min":0.0,"gc_median":0.0,"memory":3472,"time_min":1.21119155833e11},"inverse_ising_expr.jl rple":{"time_median":4.4604735417e10,"allocs":74,"gc_min":0.0,"gc_median":0.0,"memory":3168,"time_min":4.4604735417e10},"inverse_ising_expr.jl rise":{"time_median":3.8058908209e10,"allocs":75,"gc_min":0.0,"gc_median":0.0,"memory":3472,"time_min":3.8058908209e10},"benchmark_matrix_sum_050":{"time_median":3.231667e6,"allocs":22665,"gc_min":0.0,"gc_median":0.0,"memory":1475856,"time_min":3.006917e6},"benchmark_sparse_axis_constraints_iterate":{"time_median":5.520833e6,"allocs":39227,"gc_min":0.0,"gc_median":0.0,"memory":2797856,"time_min":5.169833e6},"benchmark_ipopt_fractional_power":{"time_median":1.0454042e7,"allocs":1767,"gc_min":0.0,"gc_median":0.0,"memory":95216,"time_min":1.0340959e7},"gurobi_facility.jl 25":{"time_median":1.13261717e11,"allocs":80,"gc_min":0.0,"gc_median":0.0,"memory":3472,"time_min":1.13261717e11},"benchmark_matrix_sum_010":{"time_median":146584.0,"allocs":1035,"gc_min":0.0,"gc_median":0.0,"memory":70976,"time_min":135000.0},"power_models_opf_acp.jl pglib_opf_case5_pjm":{"time_median":1.89543269875e11,"allocs":74,"gc_min":0.0,"gc_median":0.0,"memory":3168,"time_min":1.89543269875e11},"inverse_ising_register.jl rise":{"time_median":7.1401301375e10,"allocs":74,"gc_min":0.0,"gc_median":0.0,"memory":3168,"time_min":7.1401301375e10},"ipopt_clnlbeam.jl 50":{"time_median":1.102961909e12,"allocs":80,"gc_min":0.0,"gc_median":0.0,"memory":3472,"time_min":1.102961909e12},"benchmark_matrix_affine_product_010":{"time_median":454292.0,"allocs":2006,"gc_min":0.0,"gc_median":0.0,"memory":231120,"time_min":413375.0},"ipopt_clnlbeam.jl 5":{"time_median":5.63366536208e11,"allocs":80,"gc_min":0.0,"gc_median":0.0,"memory":3472,"time_min":5.63366536208e11}}