{"benchmark_p_median":{"time_median":4.175239875e9,"allocs":8661422,"gc_min":1.186686583e9,"gc_median":1.186686583e9,"memory":733714813,"time_min":4.175239875e9},"gurobi_facility.jl 75":{"time_median":3.19253987084e11,"allocs":465,"gc_min":0.0,"gc_median":0.0,"memory":21776,"time_min":3.19253987084e11},"inverse_ising_register.jl logrise":{"time_median":1.110339536e12,"allocs":74,"gc_min":0.0,"gc_median":0.0,"memory":3168,"time_min":1.110339536e12},"benchmark_print_AffExpr":{"time_median":266042.0,"allocs":1386,"gc_min":0.0,"gc_median":0.0,"memory":95104,"time_min":250500.0},"benchmark_vector_sum_010":{"time_median":25375.0,"allocs":192,"gc_min":0.0,"gc_median":0.0,"memory":16288,"time_min":20917.0},"gurobi_lqcp.jl 2000":{"time_median":1.537790948583e12,"allocs":81,"gc_min":0.0,"gc_median":0.0,"memory":3456,"time_min":1.537790948583e12},"benchmark_print_small_model":{"time_median":520125.0,"allocs":2722,"gc_min":0.0,"gc_median":0.0,"memory":185952,"time_min":495167.0},"benchmark_matrix_quadratic_product_010":{"time_median":3.635833e6,"allocs":3607,"gc_min":0.0,"gc_median":0.0,"memory":1059216,"time_min":3.533833e6},"benchmark_sparse_axis_constraints_index":{"time_median":6.400819709e9,"allocs":6625665,"gc_min":2.98811625e8,"gc_median":2.98811625e8,"memory":436173405,"time_min":6.400819709e9},"inverse_ising_expr.jl logrise":{"time_median":8.7493239666e10,"allocs":74,"gc_min":0.0,"gc_median":0.0,"memory":3168,"time_min":8.7493239666e10},"benchmark_macro_quad_010":{"time_median":6.9474458e7,"allocs":204293,"gc_min":0.0,"gc_median":0.0,"memory":17176816,"time_min":6.766175e7},"gurobi_lqcp.jl 500":{"time_median":5.925396225e10,"allocs":80,"gc_min":0.0,"gc_median":0.0,"memory":3440,"time_min":5.925396225e10},"ipopt_jump_2788.jl 800":{"time_median":3.7819944667e10,"allocs":81,"gc_min":0.0,"gc_median":0.0,"memory":3488,"time_min":3.7819944667e10},"benchmark_jump_creating_variable_dense_axis_array":{"time_median":1.4155e6,"allocs":10137,"gc_min":0.0,"gc_median":0.0,"memory":583520,"time_min":1.31475e6},"ipopt_jump_2788.jl 200":{"time_median":3.5358262708e10,"allocs":80,"gc_min":0.0,"gc_median":0.0,"memory":3472,"time_min":3.5358262708e10},"inverse_ising_register.jl rple":{"time_median":4.39247241125e11,"allocs":74,"gc_min":0.0,"gc_median":0.0,"memory":3168,"time_min":4.39247241125e11},"benchmark_matrix_affine_product_050":{"time_median":4.5638666e7,"allocs":57626,"gc_min":0.0,"gc_median":0.0,"memory":19987328,"time_min":4.3486958e7},"benchmark_array_sum_010":{"time_median":1.487708e6,"allocs":11156,"gc_min":0.0,"gc_median":0.0,"memory":763792,"time_min":1.442334e6},"ipopt_jump_2788.jl 400":{"time_median":2.86338157333e11,"allocs":80,"gc_min":0.0,"gc_median":0.0,"memory":3472,"time_min":2.86338157333e11},"benchmark_value_nonlinear_expression":{"time_median":4.3598021792e10,"allocs":11273837,"gc_min":1.16455571e9,"gc_median":1.16455571e9,"memory":1895641515,"time_min":4.3598021792e10},"benchmark_macro_quad_050":{"time_median":1.051621325e10,"allocs":24121929,"gc_min":5.17494411e8,"gc_median":5.17494411e8,"memory":2049127024,"time_min":1.051621325e10},"benchmark_jump_creating_model":{"time_median":7768.444444444444,"allocs":88,"gc_min":0.0,"gc_median":0.0,"memory":9248,"time_min":6851.888888888889},"benchmark_matrix_quadratic_product_050":{"time_median":2.179553125e9,"allocs":117628,"gc_min":4.86735874e8,"gc_median":4.8753325e8,"memory":495967408,"time_min":2.177378708e9},"benchmark_dense_axis_constraints_index":{"time_median":8.1345e6,"allocs":58639,"gc_min":0.0,"gc_median":0.0,"memory":4068960,"time_min":7.863833e6},"gurobi_facility.jl 100":{"time_median":2.348362234458e12,"allocs":80,"gc_min":0.0,"gc_median":0.0,"memory":3472,"time_min":2.348362234458e12},"benchmark_print_model":{"time_median":290666.5,"allocs":1434,"gc_min":0.0,"gc_median":0.0,"memory":101824,"time_min":276250.0},"benchmark_jump_creating_small_constraints":{"time_median":1.0065460625e9,"allocs":3697476,"gc_min":2.36350167e8,"gc_median":3.227299155e8,"memory":275222928,"time_min":9.34830625e8},"power_models_opf_acr.jl pglib_opf_case5_pjm":{"time_median":1.04029098833e11,"allocs":74,"gc_min":0.0,"gc_median":0.0,"memory":3168,"time_min":1.04029098833e11},"benchmark_vector_sum_050":{"time_median":77458.0,"allocs":485,"gc_min":0.0,"gc_median":0.0,"memory":44640,"time_min":69333.0},"benchmark_array_sum_050":{"time_median":8.8106658125e9,"allocs":1375209,"gc_min":4.0434917e7,"gc_median":4.3606792e7,"memory":82413104,"time_min":2.69041459e8},"ipopt_clnlbeam.jl 500":{"time_median":3.92944837875e11,"allocs":80,"gc_min":0.0,"gc_median":0.0,"memory":3472,"time_min":3.92944837875e11},"benchmark_macro_linear_010":{"time_median":3.9274146e7,"allocs":74093,"gc_min":0.0,"gc_median":0.0,"memory":4900016,"time_min":3.8490208e7},"gurobi_lqcp.jl 1000":{"time_median":8.2610207542e10,"allocs":81,"gc_min":0.0,"gc_median":0.0,"memory":3456,"time_min":8.2610207542e10},"gurobi_lqcp.jl 1500":{"time_median":1.159893577625e12,"allocs":81,"gc_min":0.0,"gc_median":0.0,"memory":3456,"time_min":1.159893577625e12},"benchmark_macro_linear_050":{"time_median":5.648849375e9,"allocs":4913227,"gc_min":3.31111834e8,"gc_median":3.31111834e8,"memory":319168048,"time_min":5.648849375e9},"benchmark_jump_creating_variable_sparse_axis_array":{"time_median":740375.0,"allocs":5136,"gc_min":0.0,"gc_median":0.0,"memory":269632,"time_min":701292.0},"benchmark_dense_axis_constraints_iterate":{"time_median":8.117333e6,"allocs":58639,"gc_min":0.0,"gc_median":0.0,"memory":4068960,"time_min":7.8415e6},"benchmark_print_model_10000":{"time_median":2.46186255e7,"allocs":129970,"gc_min":0.0,"gc_median":0.0,"memory":9462576,"time_min":2.4206292e7},"benchmark_jump_creating_variable_array":{"time_median":1.404709e6,"allocs":10136,"gc_min":0.0,"gc_median":0.0,"memory":583472,"time_min":1.355334e6},"gurobi_facility.jl 50":{"time_median":9.87686707208e11,"allocs":80,"gc_min":0.0,"gc_median":0.0,"memory":3472,"time_min":9.87686707208e11},"inverse_ising_expr.jl rple":{"time_median":3.8096069709e10,"allocs":74,"gc_min":0.0,"gc_median":0.0,"memory":3168,"time_min":3.8096069709e10},"inverse_ising_expr.jl rise":{"time_median":5.2052048667e10,"allocs":75,"gc_min":0.0,"gc_median":0.0,"memory":3472,"time_min":5.2052048667e10},"benchmark_matrix_sum_050":{"time_median":3.2212915e6,"allocs":22665,"gc_min":0.0,"gc_median":0.0,"memory":1475856,"time_min":3.122667e6},"benchmark_sparse_axis_constraints_iterate":{"time_median":5.53925e6,"allocs":39227,"gc_min":0.0,"gc_median":0.0,"memory":2797856,"time_min":5.361042e6},"benchmark_ipopt_fractional_power":{"time_median":1.0668292e7,"allocs":1767,"gc_min":0.0,"gc_median":0.0,"memory":95216,"time_min":1.053025e7},"gurobi_facility.jl 25":{"time_median":3.21606041583e11,"allocs":80,"gc_min":0.0,"gc_median":0.0,"memory":3472,"time_min":3.21606041583e11},"benchmark_matrix_sum_010":{"time_median":145542.0,"allocs":1035,"gc_min":0.0,"gc_median":0.0,"memory":70976,"time_min":133041.0},"power_models_opf_acp.jl pglib_opf_case5_pjm":{"time_median":7.74833101083e11,"allocs":74,"gc_min":0.0,"gc_median":0.0,"memory":3168,"time_min":7.74833101083e11},"inverse_ising_register.jl rise":{"time_median":7.285527425e10,"allocs":74,"gc_min":0.0,"gc_median":0.0,"memory":3168,"time_min":7.285527425e10},"ipopt_clnlbeam.jl 50":{"time_median":5.2767708625e10,"allocs":80,"gc_min":0.0,"gc_median":0.0,"memory":3472,"time_min":5.2767708625e10},"benchmark_matrix_affine_product_010":{"time_median":454604.5,"allocs":2006,"gc_min":0.0,"gc_median":0.0,"memory":231120,"time_min":407125.0},"ipopt_clnlbeam.jl 5":{"time_median":8.687723625e10,"allocs":80,"gc_min":0.0,"gc_median":0.0,"memory":3472,"time_min":8.687723625e10}}