{"benchmark_p_median":{"time_median":7.89465333e8,"allocs":8013978,"gc_min":1.53512669e8,"gc_median":1.76603209e8,"memory":696257392,"time_min":7.55672e8},"gurobi_facility.jl 75":{"time_median":2.3477371458e10,"allocs":465,"gc_min":0.0,"gc_median":0.0,"memory":21776,"time_min":2.3477371458e10},"inverse_ising_register.jl logrise":{"time_median":1.3319635208e10,"allocs":74,"gc_min":0.0,"gc_median":0.0,"memory":3168,"time_min":1.3319635208e10},"benchmark_print_AffExpr":{"time_median":104000.0,"allocs":1386,"gc_min":0.0,"gc_median":0.0,"memory":95120,"time_min":101917.0},"benchmark_vector_sum_010":{"time_median":8416.666666666666,"allocs":192,"gc_min":0.0,"gc_median":0.0,"memory":16304,"time_min":8083.333333333333},"gurobi_lqcp.jl 2000":{"time_median":4.4116652083e10,"allocs":81,"gc_min":0.0,"gc_median":0.0,"memory":3456,"time_min":4.4116652083e10},"benchmark_print_small_model":{"time_median":194375.0,"allocs":2723,"gc_min":0.0,"gc_median":0.0,"memory":186016,"time_min":190417.0},"benchmark_matrix_quadratic_product_010":{"time_median":1.392625e6,"allocs":3607,"gc_min":0.0,"gc_median":0.0,"memory":1059232,"time_min":1.377834e6},"benchmark_sparse_axis_constraints_index":{"time_median":1.827042e6,"allocs":36735,"gc_min":0.0,"gc_median":0.0,"memory":2278480,"time_min":1.806333e6},"inverse_ising_expr.jl logrise":{"time_median":1.3091254708e10,"allocs":74,"gc_min":0.0,"gc_median":0.0,"memory":3168,"time_min":1.3091254708e10},"benchmark_macro_quad_010":{"time_median":2.1200708e7,"allocs":204293,"gc_min":0.0,"gc_median":0.0,"memory":17176832,"time_min":2.0891833e7},"gurobi_lqcp.jl 500":{"time_median":1.2426307167e10,"allocs":80,"gc_min":0.0,"gc_median":0.0,"memory":3440,"time_min":1.2426307167e10},"ipopt_jump_2788.jl 800":{"time_median":1.283683625e10,"allocs":81,"gc_min":0.0,"gc_median":0.0,"memory":3488,"time_min":1.283683625e10},"benchmark_jump_creating_variable_dense_axis_array":{"time_median":578333.0,"allocs":10137,"gc_min":0.0,"gc_median":0.0,"memory":583536,"time_min":566417.0},"ipopt_jump_2788.jl 200":{"time_median":1.2098059875e10,"allocs":80,"gc_min":0.0,"gc_median":0.0,"memory":3472,"time_min":1.2098059875e10},"inverse_ising_register.jl rple":{"time_median":1.3265471417e10,"allocs":74,"gc_min":0.0,"gc_median":0.0,"memory":3168,"time_min":1.3265471417e10},"benchmark_matrix_affine_product_050":{"time_median":1.6248125e7,"allocs":57626,"gc_min":0.0,"gc_median":0.0,"memory":19987344,"time_min":1.6048042e7},"benchmark_array_sum_010":{"time_median":592958.0,"allocs":11156,"gc_min":0.0,"gc_median":0.0,"memory":763808,"time_min":584417.0},"ipopt_jump_2788.jl 400":{"time_median":1.3045054583e10,"allocs":80,"gc_min":0.0,"gc_median":0.0,"memory":3472,"time_min":1.3045054583e10},"benchmark_value_nonlinear_expression":{"time_median":5.485570708e9,"allocs":12603818,"gc_min":2.41705457e8,"gc_median":2.41705457e8,"memory":860597304,"time_min":5.485570708e9},"benchmark_macro_quad_050":{"time_median":3.156669792e9,"allocs":24121929,"gc_min":1.38072748e8,"gc_median":2.190524785e8,"memory":2049127040,"time_min":3.089575e9},"benchmark_jump_creating_model":{"time_median":2583.3333333333335,"allocs":88,"gc_min":0.0,"gc_median":0.0,"memory":9264,"time_min":2462.8888888888887},"benchmark_matrix_quadratic_product_050":{"time_median":8.40208e8,"allocs":117628,"gc_min":9.1886583e7,"gc_median":1.19996063e8,"memory":495967424,"time_min":8.08709125e8},"benchmark_dense_axis_constraints_index":{"time_median":2.673208e6,"allocs":53652,"gc_min":0.0,"gc_median":0.0,"memory":3030624,"time_min":2.645333e6},"gurobi_facility.jl 100":{"time_median":4.1261462584e10,"allocs":80,"gc_min":0.0,"gc_median":0.0,"memory":3472,"time_min":4.1261462584e10},"benchmark_print_model":{"time_median":109958.0,"allocs":1435,"gc_min":0.0,"gc_median":0.0,"memory":101888,"time_min":107833.0},"benchmark_jump_creating_small_constraints":{"time_median":2.921463125e8,"allocs":3697476,"gc_min":4.2407126e7,"gc_median":6.36886245e7,"memory":275222944,"time_min":2.67641708e8},"power_models_opf_acr.jl pglib_opf_case5_pjm":{"time_median":2.1348554666e10,"allocs":74,"gc_min":0.0,"gc_median":0.0,"memory":3168,"time_min":2.1348554666e10},"benchmark_vector_sum_050":{"time_median":29084.0,"allocs":485,"gc_min":0.0,"gc_median":0.0,"memory":44656,"time_min":27916.0},"benchmark_array_sum_050":{"time_median":9.18015e7,"allocs":1375209,"gc_min":4.916e6,"gc_median":1.1745541e7,"memory":82413120,"time_min":8.4340875e7},"ipopt_clnlbeam.jl 500":{"time_median":4.8029860666e10,"allocs":80,"gc_min":0.0,"gc_median":0.0,"memory":3472,"time_min":4.8029860666e10},"benchmark_macro_linear_010":{"time_median":1.37084375e7,"allocs":74093,"gc_min":0.0,"gc_median":0.0,"memory":4900032,"time_min":1.3641708e7},"gurobi_lqcp.jl 1000":{"time_median":1.8277093292e10,"allocs":81,"gc_min":0.0,"gc_median":0.0,"memory":3456,"time_min":1.8277093292e10},"gurobi_lqcp.jl 1500":{"time_median":2.7896654792e10,"allocs":81,"gc_min":0.0,"gc_median":0.0,"memory":3456,"time_min":2.7896654792e10},"benchmark_macro_linear_050":{"time_median":1.802624541e9,"allocs":4913227,"gc_min":4.5837542e7,"gc_median":5.423375e7,"memory":319168064,"time_min":1.799523958e9},"benchmark_jump_creating_variable_sparse_axis_array":{"time_median":304875.0,"allocs":5136,"gc_min":0.0,"gc_median":0.0,"memory":269648,"time_min":298667.0},"benchmark_dense_axis_constraints_iterate":{"time_median":2.6728955e6,"allocs":53652,"gc_min":0.0,"gc_median":0.0,"memory":3030624,"time_min":2.648625e6},"benchmark_print_model_10000":{"time_median":9.843958e6,"allocs":129971,"gc_min":0.0,"gc_median":0.0,"memory":9462640,"time_min":9.771375e6},"benchmark_jump_creating_variable_array":{"time_median":578792.0,"allocs":10136,"gc_min":0.0,"gc_median":0.0,"memory":583488,"time_min":568417.0},"gurobi_facility.jl 50":{"time_median":1.4184703917e10,"allocs":80,"gc_min":0.0,"gc_median":0.0,"memory":3472,"time_min":1.4184703917e10},"inverse_ising_expr.jl rple":{"time_median":1.2957794041e10,"allocs":74,"gc_min":0.0,"gc_median":0.0,"memory":3168,"time_min":1.2957794041e10},"inverse_ising_expr.jl rise":{"time_median":1.2929029167e10,"allocs":75,"gc_min":0.0,"gc_median":0.0,"memory":3472,"time_min":1.2929029167e10},"benchmark_matrix_sum_050":{"time_median":1.313833e6,"allocs":22665,"gc_min":0.0,"gc_median":0.0,"memory":1475872,"time_min":1.291875e6},"benchmark_sparse_axis_constraints_iterate":{"time_median":1.821292e6,"allocs":36735,"gc_min":0.0,"gc_median":0.0,"memory":2278480,"time_min":1.801167e6},"benchmark_ipopt_fractional_power":{"time_median":3.68075e6,"allocs":2101,"gc_min":0.0,"gc_median":0.0,"memory":107920,"time_min":3.593125e6},"gurobi_facility.jl 25":{"time_median":1.151036825e10,"allocs":80,"gc_min":0.0,"gc_median":0.0,"memory":3472,"time_min":1.151036825e10},"benchmark_matrix_sum_010":{"time_median":57375.0,"allocs":1035,"gc_min":0.0,"gc_median":0.0,"memory":70992,"time_min":55667.0},"power_models_opf_acp.jl pglib_opf_case5_pjm":{"time_median":2.374334925e10,"allocs":74,"gc_min":0.0,"gc_median":0.0,"memory":3168,"time_min":2.374334925e10},"inverse_ising_register.jl rise":{"time_median":1.3288078125e10,"allocs":74,"gc_min":0.0,"gc_median":0.0,"memory":3168,"time_min":1.3288078125e10},"ipopt_clnlbeam.jl 50":{"time_median":1.5314892459e10,"allocs":80,"gc_min":0.0,"gc_median":0.0,"memory":3472,"time_min":1.5314892459e10},"benchmark_matrix_affine_product_010":{"time_median":163333.0,"allocs":2006,"gc_min":0.0,"gc_median":0.0,"memory":231136,"time_min":161375.0},"ipopt_clnlbeam.jl 5":{"time_median":1.2341391125e10,"allocs":80,"gc_min":0.0,"gc_median":0.0,"memory":3472,"time_min":1.2341391125e10}}