{"benchmark_p_median":{"time_median":4.32875875e9,"allocs":8661755,"gc_min":1.18641825e9,"gc_median":1.18641825e9,"memory":733717459,"time_min":4.32875875e9},"gurobi_facility.jl 75":{"time_median":1.13780309875e11,"allocs":465,"gc_min":0.0,"gc_median":0.0,"memory":21776,"time_min":1.13780309875e11},"inverse_ising_register.jl logrise":{"time_median":4.5495771125e10,"allocs":74,"gc_min":0.0,"gc_median":0.0,"memory":3168,"time_min":4.5495771125e10},"benchmark_print_AffExpr":{"time_median":279208.0,"allocs":1386,"gc_min":0.0,"gc_median":0.0,"memory":95120,"time_min":262709.0},"benchmark_vector_sum_010":{"time_median":24569.333333333332,"allocs":192,"gc_min":0.0,"gc_median":0.0,"memory":16304,"time_min":21097.0},"gurobi_lqcp.jl 2000":{"time_median":2.06527388667e11,"allocs":81,"gc_min":0.0,"gc_median":0.0,"memory":3456,"time_min":2.06527388667e11},"benchmark_print_small_model":{"time_median":541834.0,"allocs":2722,"gc_min":0.0,"gc_median":0.0,"memory":185968,"time_min":514875.0},"benchmark_matrix_quadratic_product_010":{"time_median":3.612333e6,"allocs":3607,"gc_min":0.0,"gc_median":0.0,"memory":1059232,"time_min":3.3945e6},"benchmark_sparse_axis_constraints_index":{"time_median":6.834790583e9,"allocs":6690874,"gc_min":3.38034165e8,"gc_median":3.38034165e8,"memory":552728300,"time_min":6.834790583e9},"inverse_ising_expr.jl logrise":{"time_median":7.8585085417e10,"allocs":74,"gc_min":0.0,"gc_median":0.0,"memory":3168,"time_min":7.8585085417e10},"benchmark_macro_quad_010":{"time_median":7.0468667e7,"allocs":204293,"gc_min":0.0,"gc_median":0.0,"memory":17176832,"time_min":6.8003708e7},"gurobi_lqcp.jl 500":{"time_median":3.8834967375e10,"allocs":80,"gc_min":0.0,"gc_median":0.0,"memory":3440,"time_min":3.8834967375e10},"ipopt_jump_2788.jl 800":{"time_median":3.8167967875e10,"allocs":81,"gc_min":0.0,"gc_median":0.0,"memory":3488,"time_min":3.8167967875e10},"benchmark_jump_creating_variable_dense_axis_array":{"time_median":1.4365625e6,"allocs":10137,"gc_min":0.0,"gc_median":0.0,"memory":583536,"time_min":1.378042e6},"ipopt_jump_2788.jl 200":{"time_median":3.583593775e10,"allocs":80,"gc_min":0.0,"gc_median":0.0,"memory":3472,"time_min":3.583593775e10},"inverse_ising_register.jl rple":{"time_median":4.497792375e10,"allocs":74,"gc_min":0.0,"gc_median":0.0,"memory":3168,"time_min":4.497792375e10},"benchmark_matrix_affine_product_050":{"time_median":4.6170688e7,"allocs":57626,"gc_min":0.0,"gc_median":0.0,"memory":19987344,"time_min":4.3864834e7},"benchmark_array_sum_010":{"time_median":1.508646e6,"allocs":11156,"gc_min":0.0,"gc_median":0.0,"memory":763808,"time_min":1.450875e6},"ipopt_jump_2788.jl 400":{"time_median":5.1379778708e10,"allocs":80,"gc_min":0.0,"gc_median":0.0,"memory":3472,"time_min":5.1379778708e10},"benchmark_value_nonlinear_expression":{"time_median":4.2709992125e10,"allocs":11203618,"gc_min":1.693285502e9,"gc_median":1.693285502e9,"memory":1891640258,"time_min":4.2709992125e10},"benchmark_macro_quad_050":{"time_median":1.037614e10,"allocs":24121929,"gc_min":5.01455831e8,"gc_median":5.01455831e8,"memory":2049127040,"time_min":1.037614e10},"benchmark_jump_creating_model":{"time_median":7861.111111111111,"allocs":88,"gc_min":0.0,"gc_median":0.0,"memory":9264,"time_min":7018.444444444444},"benchmark_matrix_quadratic_product_050":{"time_median":2.15077475e9,"allocs":117628,"gc_min":4.51890875e8,"gc_median":4.86716959e8,"memory":495967424,"time_min":2.12117425e9},"benchmark_dense_axis_constraints_index":{"time_median":7.357292e6,"allocs":53652,"gc_min":0.0,"gc_median":0.0,"memory":3030624,"time_min":7.140625e6},"gurobi_facility.jl 100":{"time_median":2.167116038542e12,"allocs":80,"gc_min":0.0,"gc_median":0.0,"memory":3472,"time_min":2.167116038542e12},"benchmark_print_model":{"time_median":302167.0,"allocs":1434,"gc_min":0.0,"gc_median":0.0,"memory":101840,"time_min":287250.0},"benchmark_jump_creating_small_constraints":{"time_median":1.064948625e9,"allocs":3697476,"gc_min":2.43651875e8,"gc_median":3.36018604e8,"memory":275222944,"time_min":9.81873875e8},"power_models_opf_acr.jl pglib_opf_case5_pjm":{"time_median":1.004747932834e12,"allocs":74,"gc_min":0.0,"gc_median":0.0,"memory":3168,"time_min":1.004747932834e12},"benchmark_vector_sum_050":{"time_median":78750.0,"allocs":485,"gc_min":0.0,"gc_median":0.0,"memory":44656,"time_min":69167.0},"benchmark_array_sum_050":{"time_median":2.81425334e8,"allocs":1375209,"gc_min":2.61895e7,"gc_median":5.7786749e7,"memory":82413120,"time_min":2.54584042e8},"ipopt_clnlbeam.jl 500":{"time_median":1.732309837167e12,"allocs":80,"gc_min":0.0,"gc_median":0.0,"memory":3472,"time_min":1.732309837167e12},"benchmark_macro_linear_010":{"time_median":4.29778545e7,"allocs":74093,"gc_min":0.0,"gc_median":0.0,"memory":4900032,"time_min":4.1810167e7},"gurobi_lqcp.jl 1000":{"time_median":6.5855291375e10,"allocs":81,"gc_min":0.0,"gc_median":0.0,"memory":3456,"time_min":6.5855291375e10},"gurobi_lqcp.jl 1500":{"time_median":2.99256608291e11,"allocs":81,"gc_min":0.0,"gc_median":0.0,"memory":3456,"time_min":2.99256608291e11},"benchmark_macro_linear_050":{"time_median":6.135476083e9,"allocs":4913227,"gc_min":3.27836834e8,"gc_median":3.27836834e8,"memory":319168064,"time_min":6.135476083e9},"benchmark_jump_creating_variable_sparse_axis_array":{"time_median":768812.5,"allocs":5136,"gc_min":0.0,"gc_median":0.0,"memory":269648,"time_min":725667.0},"benchmark_dense_axis_constraints_iterate":{"time_median":7.384042e6,"allocs":53652,"gc_min":0.0,"gc_median":0.0,"memory":3030624,"time_min":7.228708e6},"benchmark_print_model_10000":{"time_median":2.6020125e7,"allocs":129970,"gc_min":0.0,"gc_median":0.0,"memory":9462592,"time_min":2.5352333e7},"benchmark_jump_creating_variable_array":{"time_median":1.447166e6,"allocs":10136,"gc_min":0.0,"gc_median":0.0,"memory":583488,"time_min":1.391208e6},"gurobi_facility.jl 50":{"time_median":2.35300297709e11,"allocs":80,"gc_min":0.0,"gc_median":0.0,"memory":3472,"time_min":2.35300297709e11},"inverse_ising_expr.jl rple":{"time_median":8.0332263125e10,"allocs":74,"gc_min":0.0,"gc_median":0.0,"memory":3168,"time_min":8.0332263125e10},"inverse_ising_expr.jl rise":{"time_median":4.3155456416e10,"allocs":75,"gc_min":0.0,"gc_median":0.0,"memory":3472,"time_min":4.3155456416e10},"benchmark_matrix_sum_050":{"time_median":3.3054585e6,"allocs":22665,"gc_min":0.0,"gc_median":0.0,"memory":1475872,"time_min":3.196125e6},"benchmark_sparse_axis_constraints_iterate":{"time_median":4.9645e6,"allocs":36735,"gc_min":0.0,"gc_median":0.0,"memory":2278480,"time_min":4.867417e6},"benchmark_ipopt_fractional_power":{"time_median":7.033617959e9,"allocs":1696115,"gc_min":3.3728416e7,"gc_median":3.3728416e7,"memory":95582875,"time_min":7.033617959e9},"gurobi_facility.jl 25":{"time_median":3.5442237458e10,"allocs":80,"gc_min":0.0,"gc_median":0.0,"memory":3472,"time_min":3.5442237458e10},"benchmark_matrix_sum_010":{"time_median":147041.0,"allocs":1035,"gc_min":0.0,"gc_median":0.0,"memory":70992,"time_min":136791.0},"power_models_opf_acp.jl pglib_opf_case5_pjm":{"time_median":1.79872011083e11,"allocs":74,"gc_min":0.0,"gc_median":0.0,"memory":3168,"time_min":1.79872011083e11},"inverse_ising_register.jl rise":{"time_median":1.082532299791e12,"allocs":74,"gc_min":0.0,"gc_median":0.0,"memory":3168,"time_min":1.082532299791e12},"ipopt_clnlbeam.jl 50":{"time_median":5.53386057875e11,"allocs":80,"gc_min":0.0,"gc_median":0.0,"memory":3472,"time_min":5.53386057875e11},"benchmark_matrix_affine_product_010":{"time_median":455917.0,"allocs":2006,"gc_min":0.0,"gc_median":0.0,"memory":231136,"time_min":414541.0},"ipopt_clnlbeam.jl 5":{"time_median":7.68050101917e11,"allocs":80,"gc_min":0.0,"gc_median":0.0,"memory":3472,"time_min":7.68050101917e11}}