{"gurobi_facility.jl 75":{"time_median":2.3490768166e10,"allocs":465,"gc_min":0.0,"gc_median":0.0,"memory":21776,"time_min":2.3490768166e10},"ipopt_clnlbeam.jl 500":{"time_median":4.1734703208e10,"allocs":80,"gc_min":0.0,"gc_median":0.0,"memory":3472,"time_min":4.1734703208e10},"gurobi_lqcp.jl 1000":{"time_median":1.8401999667e10,"allocs":81,"gc_min":0.0,"gc_median":0.0,"memory":3456,"time_min":1.8401999667e10},"gurobi_lqcp.jl 2000":{"time_median":5.1885410375e10,"allocs":81,"gc_min":0.0,"gc_median":0.0,"memory":3456,"time_min":5.1885410375e10},"ipopt_jump_2788.jl 400":{"time_median":1.1682677416e10,"allocs":80,"gc_min":0.0,"gc_median":0.0,"memory":3472,"time_min":1.1682677416e10},"gurobi_lqcp.jl 1500":{"time_median":2.9366936042e10,"allocs":81,"gc_min":0.0,"gc_median":0.0,"memory":3456,"time_min":2.9366936042e10},"ipopt_clnlbeam.jl 50":{"time_median":1.3942153875e10,"allocs":80,"gc_min":0.0,"gc_median":0.0,"memory":3472,"time_min":1.3942153875e10},"benchmark_jump_creating_variable_sparse_axis_array":{"time_median":314334.0,"allocs":5136,"gc_min":0.0,"gc_median":0.0,"memory":269632,"time_min":310208.0},"benchmark_jump_creating_model":{"time_median":2657.3333333333335,"allocs":88,"gc_min":0.0,"gc_median":0.0,"memory":9248,"time_min":2537.0},"benchmark_jump_creating_variable_array":{"time_median":601458.0,"allocs":10136,"gc_min":0.0,"gc_median":0.0,"memory":583472,"time_min":591875.0},"gurobi_facility.jl 50":{"time_median":1.3603602708e10,"allocs":80,"gc_min":0.0,"gc_median":0.0,"memory":3472,"time_min":1.3603602708e10},"gurobi_facility.jl 100":{"time_median":4.2685614417e10,"allocs":80,"gc_min":0.0,"gc_median":0.0,"memory":3472,"time_min":4.2685614417e10},"gurobi_lqcp.jl 500":{"time_median":1.1843277292e10,"allocs":80,"gc_min":0.0,"gc_median":0.0,"memory":3440,"time_min":1.1843277292e10},"benchmark_jump_creating_small_constraints":{"time_median":2.97781729e8,"allocs":3697476,"gc_min":5.7381208e7,"gc_median":6.4554334e7,"memory":275222928,"time_min":2.80374709e8},"ipopt_jump_2788.jl 800":{"time_median":1.160502325e10,"allocs":81,"gc_min":0.0,"gc_median":0.0,"memory":3488,"time_min":1.160502325e10},"benchmark_jump_creating_variable_dense_axis_array":{"time_median":609209.0,"allocs":10137,"gc_min":0.0,"gc_median":0.0,"memory":583520,"time_min":599917.0},"ipopt_jump_2788.jl 200":{"time_median":1.091797675e10,"allocs":80,"gc_min":0.0,"gc_median":0.0,"memory":3472,"time_min":1.091797675e10},"ipopt_clnlbeam.jl 5":{"time_median":1.1287232833e10,"allocs":80,"gc_min":0.0,"gc_median":0.0,"memory":3472,"time_min":1.1287232833e10},"gurobi_facility.jl 25":{"time_median":1.040300775e10,"allocs":80,"gc_min":0.0,"gc_median":0.0,"memory":3472,"time_min":1.040300775e10},"power_models_opf_acp.jl pglib_opf_case5_pjm":{"time_median":2.2604964791e10,"allocs":74,"gc_min":0.0,"gc_median":0.0,"memory":3168,"time_min":2.2604964791e10}}