{"benchmark_p_median":{"time_median":7.86510146e8,"allocs":8013978,"gc_min":1.19132376e8,"gc_median":1.505643535e8,"memory":696257392,"time_min":7.28381708e8},"gurobi_facility.jl 75":{"time_median":2.3211599041e10,"allocs":465,"gc_min":0.0,"gc_median":0.0,"memory":21776,"time_min":2.3211599041e10},"inverse_ising_register.jl logrise":{"time_median":1.2572476042e10,"allocs":74,"gc_min":0.0,"gc_median":0.0,"memory":3168,"time_min":1.2572476042e10},"benchmark_print_AffExpr":{"time_median":103917.0,"allocs":1386,"gc_min":0.0,"gc_median":0.0,"memory":95120,"time_min":101916.0},"benchmark_vector_sum_010":{"time_median":8528.0,"allocs":192,"gc_min":0.0,"gc_median":0.0,"memory":16304,"time_min":8166.666666666667},"gurobi_lqcp.jl 2000":{"time_median":4.6605756875e10,"allocs":81,"gc_min":0.0,"gc_median":0.0,"memory":3456,"time_min":4.6605756875e10},"benchmark_print_small_model":{"time_median":193833.0,"allocs":2722,"gc_min":0.0,"gc_median":0.0,"memory":185968,"time_min":189709.0},"benchmark_matrix_quadratic_product_010":{"time_median":1.5100835e6,"allocs":3607,"gc_min":0.0,"gc_median":0.0,"memory":1059232,"time_min":1.492166e6},"benchmark_sparse_axis_constraints_index":{"time_median":1.854792e6,"allocs":39227,"gc_min":0.0,"gc_median":0.0,"memory":2797872,"time_min":1.823584e6},"inverse_ising_expr.jl logrise":{"time_median":1.2358544166e10,"allocs":74,"gc_min":0.0,"gc_median":0.0,"memory":3168,"time_min":1.2358544166e10},"benchmark_macro_quad_010":{"time_median":2.143575e7,"allocs":204293,"gc_min":0.0,"gc_median":0.0,"memory":17176832,"time_min":2.1355833e7},"gurobi_lqcp.jl 500":{"time_median":1.2221828875e10,"allocs":80,"gc_min":0.0,"gc_median":0.0,"memory":3440,"time_min":1.2221828875e10},"ipopt_jump_2788.jl 800":{"time_median":1.2062112125e10,"allocs":81,"gc_min":0.0,"gc_median":0.0,"memory":3488,"time_min":1.2062112125e10},"benchmark_jump_creating_variable_dense_axis_array":{"time_median":569417.0,"allocs":10137,"gc_min":0.0,"gc_median":0.0,"memory":583536,"time_min":560084.0},"ipopt_jump_2788.jl 200":{"time_median":1.1359564791e10,"allocs":80,"gc_min":0.0,"gc_median":0.0,"memory":3472,"time_min":1.1359564791e10},"inverse_ising_register.jl rple":{"time_median":1.2632082833e10,"allocs":74,"gc_min":0.0,"gc_median":0.0,"memory":3168,"time_min":1.2632082833e10},"benchmark_matrix_affine_product_050":{"time_median":1.840225e7,"allocs":57626,"gc_min":0.0,"gc_median":0.0,"memory":19987344,"time_min":1.7361167e7},"benchmark_array_sum_010":{"time_median":585417.0,"allocs":11156,"gc_min":0.0,"gc_median":0.0,"memory":763808,"time_min":577000.0},"ipopt_jump_2788.jl 400":{"time_median":1.2053197208e10,"allocs":80,"gc_min":0.0,"gc_median":0.0,"memory":3472,"time_min":1.2053197208e10},"benchmark_value_nonlinear_expression":{"time_median":5.3447285e9,"allocs":11266932,"gc_min":2.70774e8,"gc_median":2.70774e8,"memory":1895139083,"time_min":5.3447285e9},"benchmark_macro_quad_050":{"time_median":3.184878125e9,"allocs":24121929,"gc_min":1.41882747e8,"gc_median":2.22257e8,"memory":2049127040,"time_min":3.108966e9},"benchmark_jump_creating_model":{"time_median":2657.3333333333335,"allocs":88,"gc_min":0.0,"gc_median":0.0,"memory":9264,"time_min":2527.777777777778},"benchmark_matrix_quadratic_product_050":{"time_median":8.67386604e8,"allocs":117628,"gc_min":4.316275e7,"gc_median":1.169969785e8,"memory":495967424,"time_min":7.83214458e8},"benchmark_dense_axis_constraints_index":{"time_median":2.7420415e6,"allocs":58639,"gc_min":0.0,"gc_median":0.0,"memory":4068976,"time_min":2.716375e6},"gurobi_facility.jl 100":{"time_median":4.2137101292e10,"allocs":80,"gc_min":0.0,"gc_median":0.0,"memory":3472,"time_min":4.2137101292e10},"benchmark_print_model":{"time_median":109959.0,"allocs":1434,"gc_min":0.0,"gc_median":0.0,"memory":101840,"time_min":107792.0},"benchmark_jump_creating_small_constraints":{"time_median":3.00792479e8,"allocs":3697476,"gc_min":4.5958126e7,"gc_median":6.30447075e7,"memory":275222944,"time_min":2.66444334e8},"power_models_opf_acr.jl pglib_opf_case5_pjm":{"time_median":2.0572100125e10,"allocs":74,"gc_min":0.0,"gc_median":0.0,"memory":3168,"time_min":2.0572100125e10},"benchmark_vector_sum_050":{"time_median":29375.0,"allocs":485,"gc_min":0.0,"gc_median":0.0,"memory":44656,"time_min":28166.0},"benchmark_array_sum_050":{"time_median":9.0868896e7,"allocs":1375209,"gc_min":4.875167e6,"gc_median":1.1856417e7,"memory":82413120,"time_min":8.3012708e7},"ipopt_clnlbeam.jl 500":{"time_median":4.1413933541e10,"allocs":80,"gc_min":0.0,"gc_median":0.0,"memory":3472,"time_min":4.1413933541e10},"benchmark_macro_linear_010":{"time_median":1.39839585e7,"allocs":74093,"gc_min":0.0,"gc_median":0.0,"memory":4900032,"time_min":1.3916958e7},"gurobi_lqcp.jl 1000":{"time_median":1.8978314875e10,"allocs":81,"gc_min":0.0,"gc_median":0.0,"memory":3456,"time_min":1.8978314875e10},"gurobi_lqcp.jl 1500":{"time_median":2.9742364417e10,"allocs":81,"gc_min":0.0,"gc_median":0.0,"memory":3456,"time_min":2.9742364417e10},"benchmark_macro_linear_050":{"time_median":1.854670041e9,"allocs":4913227,"gc_min":4.6648501e7,"gc_median":5.4721916e7,"memory":319168064,"time_min":1.833051542e9},"benchmark_jump_creating_variable_sparse_axis_array":{"time_median":298375.0,"allocs":5136,"gc_min":0.0,"gc_median":0.0,"memory":269648,"time_min":293625.0},"benchmark_dense_axis_constraints_iterate":{"time_median":2.744833e6,"allocs":58639,"gc_min":0.0,"gc_median":0.0,"memory":4068976,"time_min":2.712958e6},"benchmark_print_model_10000":{"time_median":9.8132915e6,"allocs":129970,"gc_min":0.0,"gc_median":0.0,"memory":9462592,"time_min":9.76125e6},"benchmark_jump_creating_variable_array":{"time_median":567834.0,"allocs":10136,"gc_min":0.0,"gc_median":0.0,"memory":583488,"time_min":558583.0},"gurobi_facility.jl 50":{"time_median":1.428978425e10,"allocs":80,"gc_min":0.0,"gc_median":0.0,"memory":3472,"time_min":1.428978425e10},"inverse_ising_expr.jl rple":{"time_median":1.2214040167e10,"allocs":74,"gc_min":0.0,"gc_median":0.0,"memory":3168,"time_min":1.2214040167e10},"inverse_ising_expr.jl rise":{"time_median":1.2208558583e10,"allocs":75,"gc_min":0.0,"gc_median":0.0,"memory":3472,"time_min":1.2208558583e10},"benchmark_matrix_sum_050":{"time_median":1.3234585e6,"allocs":22665,"gc_min":0.0,"gc_median":0.0,"memory":1475872,"time_min":1.303291e6},"benchmark_sparse_axis_constraints_iterate":{"time_median":1.854917e6,"allocs":39227,"gc_min":0.0,"gc_median":0.0,"memory":2797872,"time_min":1.828334e6},"benchmark_ipopt_fractional_power":{"time_median":3.598771e6,"allocs":1767,"gc_min":0.0,"gc_median":0.0,"memory":95232,"time_min":3.519709e6},"gurobi_facility.jl 25":{"time_median":1.0806956791e10,"allocs":80,"gc_min":0.0,"gc_median":0.0,"memory":3472,"time_min":1.0806956791e10},"benchmark_matrix_sum_010":{"time_median":56917.0,"allocs":1035,"gc_min":0.0,"gc_median":0.0,"memory":70992,"time_min":55167.0},"power_models_opf_acp.jl pglib_opf_case5_pjm":{"time_median":2.2526589334e10,"allocs":74,"gc_min":0.0,"gc_median":0.0,"memory":3168,"time_min":2.2526589334e10},"inverse_ising_register.jl rise":{"time_median":1.2570787125e10,"allocs":74,"gc_min":0.0,"gc_median":0.0,"memory":3168,"time_min":1.2570787125e10},"ipopt_clnlbeam.jl 50":{"time_median":1.4429202792e10,"allocs":80,"gc_min":0.0,"gc_median":0.0,"memory":3472,"time_min":1.4429202792e10},"benchmark_matrix_affine_product_010":{"time_median":173834.0,"allocs":2006,"gc_min":0.0,"gc_median":0.0,"memory":231136,"time_min":171708.0},"ipopt_clnlbeam.jl 5":{"time_median":1.1661430916e10,"allocs":80,"gc_min":0.0,"gc_median":0.0,"memory":3472,"time_min":1.1661430916e10}}