{"benchmark_p_median":{"time_median":4.355031416e9,"allocs":8661412,"gc_min":1.226706209e9,"gc_median":1.226706209e9,"memory":733700083,"time_min":4.355031416e9},"gurobi_facility.jl 75":{"time_median":8.442992325e10,"allocs":465,"gc_min":0.0,"gc_median":0.0,"memory":21776,"time_min":8.442992325e10},"inverse_ising_register.jl logrise":{"time_median":4.0466941292e10,"allocs":74,"gc_min":0.0,"gc_median":0.0,"memory":3168,"time_min":4.0466941292e10},"benchmark_print_AffExpr":{"time_median":283791.0,"allocs":1386,"gc_min":0.0,"gc_median":0.0,"memory":95120,"time_min":252000.0},"benchmark_vector_sum_010":{"time_median":24319.333333333332,"allocs":192,"gc_min":0.0,"gc_median":0.0,"memory":16304,"time_min":20944.333333333332},"gurobi_lqcp.jl 2000":{"time_median":1.68960702666e11,"allocs":81,"gc_min":0.0,"gc_median":0.0,"memory":3456,"time_min":1.68960702666e11},"benchmark_print_small_model":{"time_median":570250.0,"allocs":2722,"gc_min":0.0,"gc_median":0.0,"memory":185968,"time_min":497084.0},"benchmark_matrix_quadratic_product_010":{"time_median":3.8783335e6,"allocs":3607,"gc_min":0.0,"gc_median":0.0,"memory":1059232,"time_min":3.588792e6},"benchmark_sparse_axis_constraints_index":{"time_median":7.29536725e9,"allocs":6740395,"gc_min":3.11471417e8,"gc_median":3.11471417e8,"memory":555986341,"time_min":7.29536725e9},"inverse_ising_expr.jl logrise":{"time_median":3.9621897541e10,"allocs":74,"gc_min":0.0,"gc_median":0.0,"memory":3168,"time_min":3.9621897541e10},"benchmark_macro_quad_010":{"time_median":7.1661791e7,"allocs":204293,"gc_min":0.0,"gc_median":0.0,"memory":17176832,"time_min":6.9462333e7},"gurobi_lqcp.jl 500":{"time_median":3.9085207292e10,"allocs":80,"gc_min":0.0,"gc_median":0.0,"memory":3440,"time_min":3.9085207292e10},"ipopt_jump_2788.jl 800":{"time_median":3.8929605083e10,"allocs":81,"gc_min":0.0,"gc_median":0.0,"memory":3488,"time_min":3.8929605083e10},"benchmark_jump_creating_variable_dense_axis_array":{"time_median":1.467104e6,"allocs":10137,"gc_min":0.0,"gc_median":0.0,"memory":583536,"time_min":1.379833e6},"ipopt_jump_2788.jl 200":{"time_median":3.5997786625e10,"allocs":80,"gc_min":0.0,"gc_median":0.0,"memory":3472,"time_min":3.5997786625e10},"inverse_ising_register.jl rple":{"time_median":4.0591840416e10,"allocs":74,"gc_min":0.0,"gc_median":0.0,"memory":3168,"time_min":4.0591840416e10},"benchmark_matrix_affine_product_050":{"time_median":5.1463541e7,"allocs":57626,"gc_min":0.0,"gc_median":0.0,"memory":19987344,"time_min":4.3661958e7},"benchmark_array_sum_010":{"time_median":1.5568955e6,"allocs":11156,"gc_min":0.0,"gc_median":0.0,"memory":763808,"time_min":1.47375e6},"ipopt_jump_2788.jl 400":{"time_median":3.8569881916e10,"allocs":80,"gc_min":0.0,"gc_median":0.0,"memory":3472,"time_min":3.8569881916e10},"benchmark_value_nonlinear_expression":{"time_median":1.8689855625e10,"allocs":11247337,"gc_min":1.746016377e9,"gc_median":1.746016377e9,"memory":1893995565,"time_min":1.8689855625e10},"benchmark_macro_quad_050":{"time_median":1.0542732792e10,"allocs":24121929,"gc_min":5.50833289e8,"gc_median":5.50833289e8,"memory":2049127040,"time_min":1.0542732792e10},"benchmark_jump_creating_model":{"time_median":7925.888888888889,"allocs":88,"gc_min":0.0,"gc_median":0.0,"memory":9264,"time_min":6833.333333333333},"benchmark_matrix_quadratic_product_050":{"time_median":2.426224333e9,"allocs":117628,"gc_min":4.51632083e8,"gc_median":4.82998751e8,"memory":495967424,"time_min":2.392994584e9},"benchmark_dense_axis_constraints_index":{"time_median":7.7128125e6,"allocs":53652,"gc_min":0.0,"gc_median":0.0,"memory":3030624,"time_min":7.408041e6},"gurobi_facility.jl 100":{"time_median":1.64647707125e11,"allocs":80,"gc_min":0.0,"gc_median":0.0,"memory":3472,"time_min":1.64647707125e11},"benchmark_print_model":{"time_median":314291.0,"allocs":1434,"gc_min":0.0,"gc_median":0.0,"memory":101840,"time_min":280208.0},"benchmark_jump_creating_small_constraints":{"time_median":1.0767219995e9,"allocs":3697476,"gc_min":2.49722708e8,"gc_median":3.49001333e8,"memory":275222944,"time_min":1.004022333e9},"power_models_opf_acr.jl pglib_opf_case5_pjm":{"time_median":6.8589476667e10,"allocs":74,"gc_min":0.0,"gc_median":0.0,"memory":3168,"time_min":6.8589476667e10},"benchmark_vector_sum_050":{"time_median":79292.0,"allocs":485,"gc_min":0.0,"gc_median":0.0,"memory":44656,"time_min":68125.0},"benchmark_array_sum_050":{"time_median":2.76630625e8,"allocs":1375209,"gc_min":2.3109458e7,"gc_median":5.5645751e7,"memory":82413120,"time_min":2.41506875e8},"ipopt_clnlbeam.jl 500":{"time_median":1.60822050917e11,"allocs":80,"gc_min":0.0,"gc_median":0.0,"memory":3472,"time_min":1.60822050917e11},"benchmark_macro_linear_010":{"time_median":4.93555835e7,"allocs":74093,"gc_min":0.0,"gc_median":0.0,"memory":4900032,"time_min":4.5664042e7},"gurobi_lqcp.jl 1000":{"time_median":6.0109699583e10,"allocs":81,"gc_min":0.0,"gc_median":0.0,"memory":3456,"time_min":6.0109699583e10},"gurobi_lqcp.jl 1500":{"time_median":1.01768205917e11,"allocs":81,"gc_min":0.0,"gc_median":0.0,"memory":3456,"time_min":1.01768205917e11},"benchmark_macro_linear_050":{"time_median":7.195116333e9,"allocs":4913227,"gc_min":3.38297667e8,"gc_median":3.38297667e8,"memory":319168064,"time_min":7.195116333e9},"benchmark_jump_creating_variable_sparse_axis_array":{"time_median":794750.0,"allocs":5136,"gc_min":0.0,"gc_median":0.0,"memory":269648,"time_min":719291.0},"benchmark_dense_axis_constraints_iterate":{"time_median":7.701583e6,"allocs":53652,"gc_min":0.0,"gc_median":0.0,"memory":3030624,"time_min":7.34675e6},"benchmark_print_model_10000":{"time_median":2.5406354e7,"allocs":129970,"gc_min":0.0,"gc_median":0.0,"memory":9462592,"time_min":2.48405e7},"benchmark_jump_creating_variable_array":{"time_median":1.476979e6,"allocs":10136,"gc_min":0.0,"gc_median":0.0,"memory":583488,"time_min":1.369917e6},"gurobi_facility.jl 50":{"time_median":4.7185066375e10,"allocs":80,"gc_min":0.0,"gc_median":0.0,"memory":3472,"time_min":4.7185066375e10},"inverse_ising_expr.jl rple":{"time_median":3.9192537458e10,"allocs":74,"gc_min":0.0,"gc_median":0.0,"memory":3168,"time_min":3.9192537458e10},"inverse_ising_expr.jl rise":{"time_median":3.9312148208e10,"allocs":75,"gc_min":0.0,"gc_median":0.0,"memory":3472,"time_min":3.9312148208e10},"benchmark_matrix_sum_050":{"time_median":3.418208e6,"allocs":22665,"gc_min":0.0,"gc_median":0.0,"memory":1475872,"time_min":3.142125e6},"benchmark_sparse_axis_constraints_iterate":{"time_median":5.278646e6,"allocs":36735,"gc_min":0.0,"gc_median":0.0,"memory":2278480,"time_min":4.982875e6},"benchmark_ipopt_fractional_power":{"time_median":1.080775e7,"allocs":1798,"gc_min":0.0,"gc_median":0.0,"memory":95248,"time_min":1.0503125e7},"gurobi_facility.jl 25":{"time_median":3.5074359e10,"allocs":80,"gc_min":0.0,"gc_median":0.0,"memory":3472,"time_min":3.5074359e10},"benchmark_matrix_sum_010":{"time_median":150042.0,"allocs":1035,"gc_min":0.0,"gc_median":0.0,"memory":70992,"time_min":134917.0},"power_models_opf_acp.jl pglib_opf_case5_pjm":{"time_median":7.5768093583e10,"allocs":74,"gc_min":0.0,"gc_median":0.0,"memory":3168,"time_min":7.5768093583e10},"inverse_ising_register.jl rise":{"time_median":4.0484563375e10,"allocs":74,"gc_min":0.0,"gc_median":0.0,"memory":3168,"time_min":4.0484563375e10},"ipopt_clnlbeam.jl 50":{"time_median":4.6892378459e10,"allocs":80,"gc_min":0.0,"gc_median":0.0,"memory":3472,"time_min":4.6892378459e10},"benchmark_matrix_affine_product_010":{"time_median":464834.0,"allocs":2006,"gc_min":0.0,"gc_median":0.0,"memory":231136,"time_min":416167.0},"ipopt_clnlbeam.jl 5":{"time_median":3.7450691333e10,"allocs":80,"gc_min":0.0,"gc_median":0.0,"memory":3472,"time_min":3.7450691333e10}}