{"gurobi_facility.jl 75":{"time_median":2.3368927292e10,"allocs":465,"gc_min":0.0,"gc_median":0.0,"memory":21776,"time_min":2.3368927292e10},"ipopt_clnlbeam.jl 500":{"time_median":4.1643661417e10,"allocs":81,"gc_min":0.0,"gc_median":0.0,"memory":3776,"time_min":4.1643661417e10},"gurobi_lqcp.jl 1000":{"time_median":1.7913303334e10,"allocs":81,"gc_min":0.0,"gc_median":0.0,"memory":3456,"time_min":1.7913303334e10},"gurobi_lqcp.jl 2000":{"time_median":5.0750663084e10,"allocs":81,"gc_min":0.0,"gc_median":0.0,"memory":3456,"time_min":5.0750663084e10},"ipopt_jump_2788.jl 400":{"time_median":1.1877100125e10,"allocs":80,"gc_min":0.0,"gc_median":0.0,"memory":3472,"time_min":1.1877100125e10},"gurobi_lqcp.jl 1500":{"time_median":2.958688025e10,"allocs":81,"gc_min":0.0,"gc_median":0.0,"memory":3456,"time_min":2.958688025e10},"ipopt_clnlbeam.jl 50":{"time_median":1.3947983875e10,"allocs":80,"gc_min":0.0,"gc_median":0.0,"memory":3472,"time_min":1.3947983875e10},"benchmark_jump_creating_variable_sparse_axis_array":{"time_median":315500.0,"allocs":5136,"gc_min":0.0,"gc_median":0.0,"memory":269632,"time_min":311000.0},"benchmark_jump_creating_model":{"time_median":2643.5555555555557,"allocs":88,"gc_min":0.0,"gc_median":0.0,"memory":9248,"time_min":2523.1111111111113},"benchmark_jump_creating_variable_array":{"time_median":597083.0,"allocs":10136,"gc_min":0.0,"gc_median":0.0,"memory":583472,"time_min":587625.0},"gurobi_facility.jl 50":{"time_median":1.3852446125e10,"allocs":80,"gc_min":0.0,"gc_median":0.0,"memory":3472,"time_min":1.3852446125e10},"gurobi_facility.jl 100":{"time_median":4.2411588333e10,"allocs":80,"gc_min":0.0,"gc_median":0.0,"memory":3472,"time_min":4.2411588333e10},"gurobi_lqcp.jl 500":{"time_median":1.1653359667e10,"allocs":80,"gc_min":0.0,"gc_median":0.0,"memory":3440,"time_min":1.1653359667e10},"benchmark_jump_creating_small_constraints":{"time_median":3.052749165e8,"allocs":3697476,"gc_min":4.5755459e7,"gc_median":6.39368745e7,"memory":275222928,"time_min":2.77560292e8},"ipopt_jump_2788.jl 800":{"time_median":1.1646010208e10,"allocs":81,"gc_min":0.0,"gc_median":0.0,"memory":3488,"time_min":1.1646010208e10},"benchmark_jump_creating_variable_dense_axis_array":{"time_median":596667.0,"allocs":10137,"gc_min":0.0,"gc_median":0.0,"memory":583520,"time_min":586417.0},"ipopt_jump_2788.jl 200":{"time_median":1.0945632084e10,"allocs":80,"gc_min":0.0,"gc_median":0.0,"memory":3472,"time_min":1.0945632084e10},"ipopt_clnlbeam.jl 5":{"time_median":1.1237082791e10,"allocs":80,"gc_min":0.0,"gc_median":0.0,"memory":3472,"time_min":1.1237082791e10},"gurobi_facility.jl 25":{"time_median":1.0440073416e10,"allocs":80,"gc_min":0.0,"gc_median":0.0,"memory":3472,"time_min":1.0440073416e10}}