{"benchmark_p_median":{"time_median":4.227954875e9,"allocs":8661082,"gc_min":1.202304625e9,"gc_median":1.202304625e9,"memory":733677251,"time_min":4.227954875e9},"gurobi_facility.jl 75":{"time_median":3.28558230667e11,"allocs":465,"gc_min":0.0,"gc_median":0.0,"memory":21776,"time_min":3.28558230667e11},"inverse_ising_register.jl logrise":{"time_median":4.2643037917e10,"allocs":74,"gc_min":0.0,"gc_median":0.0,"memory":3168,"time_min":4.2643037917e10},"benchmark_print_AffExpr":{"time_median":265833.0,"allocs":1386,"gc_min":0.0,"gc_median":0.0,"memory":95120,"time_min":246750.0},"benchmark_vector_sum_010":{"time_median":24486.0,"allocs":192,"gc_min":0.0,"gc_median":0.0,"memory":16304,"time_min":20972.0},"gurobi_lqcp.jl 2000":{"time_median":4.46287182791e11,"allocs":81,"gc_min":0.0,"gc_median":0.0,"memory":3456,"time_min":4.46287182791e11},"benchmark_print_small_model":{"time_median":530541.5,"allocs":2722,"gc_min":0.0,"gc_median":0.0,"memory":185968,"time_min":496291.0},"benchmark_matrix_quadratic_product_010":{"time_median":3.58675e6,"allocs":3607,"gc_min":0.0,"gc_median":0.0,"memory":1059232,"time_min":3.517792e6},"benchmark_sparse_axis_constraints_index":{"time_median":6.304339375e9,"allocs":6522345,"gc_min":2.71832875e8,"gc_median":2.71832875e8,"memory":429662336,"time_min":6.304339375e9},"inverse_ising_expr.jl logrise":{"time_median":7.6985075167e10,"allocs":74,"gc_min":0.0,"gc_median":0.0,"memory":3168,"time_min":7.6985075167e10},"benchmark_macro_quad_010":{"time_median":6.877225e7,"allocs":204293,"gc_min":0.0,"gc_median":0.0,"memory":17176832,"time_min":6.7020708e7},"gurobi_lqcp.jl 500":{"time_median":9.5269642875e10,"allocs":80,"gc_min":0.0,"gc_median":0.0,"memory":3440,"time_min":9.5269642875e10},"ipopt_jump_2788.jl 800":{"time_median":5.5563603167e10,"allocs":81,"gc_min":0.0,"gc_median":0.0,"memory":3488,"time_min":5.5563603167e10},"benchmark_jump_creating_variable_dense_axis_array":{"time_median":1.4272295e6,"allocs":10137,"gc_min":0.0,"gc_median":0.0,"memory":583536,"time_min":1.368375e6},"ipopt_jump_2788.jl 200":{"time_median":4.0148299208e10,"allocs":80,"gc_min":0.0,"gc_median":0.0,"memory":3472,"time_min":4.0148299208e10},"inverse_ising_register.jl rple":{"time_median":3.9705980875e10,"allocs":74,"gc_min":0.0,"gc_median":0.0,"memory":3168,"time_min":3.9705980875e10},"benchmark_matrix_affine_product_050":{"time_median":4.8869208e7,"allocs":57626,"gc_min":0.0,"gc_median":0.0,"memory":19987344,"time_min":4.2773292e7},"benchmark_array_sum_010":{"time_median":1.488666e6,"allocs":11156,"gc_min":0.0,"gc_median":0.0,"memory":763808,"time_min":1.431334e6},"ipopt_jump_2788.jl 400":{"time_median":3.7923184791e10,"allocs":80,"gc_min":0.0,"gc_median":0.0,"memory":3472,"time_min":3.7923184791e10},"benchmark_value_nonlinear_expression":{"time_median":1.7317207458e10,"allocs":11253290,"gc_min":1.291934041e9,"gc_median":1.291934041e9,"memory":1894516724,"time_min":1.7317207458e10},"benchmark_macro_quad_050":{"time_median":1.0401421416e10,"allocs":24121929,"gc_min":4.91242209e8,"gc_median":4.91242209e8,"memory":2049127040,"time_min":1.0401421416e10},"benchmark_jump_creating_model":{"time_median":7870.333333333333,"allocs":88,"gc_min":0.0,"gc_median":0.0,"memory":9264,"time_min":6953.666666666667},"benchmark_matrix_quadratic_product_050":{"time_median":2.203361375e9,"allocs":117628,"gc_min":4.79689376e8,"gc_median":4.90197125e8,"memory":495967424,"time_min":2.146969917e9},"benchmark_dense_axis_constraints_index":{"time_median":7.3583955e6,"allocs":53652,"gc_min":0.0,"gc_median":0.0,"memory":3030624,"time_min":7.218e6},"gurobi_facility.jl 100":{"time_median":2.05976480792e11,"allocs":80,"gc_min":0.0,"gc_median":0.0,"memory":3472,"time_min":2.05976480792e11},"benchmark_print_model":{"time_median":293417.0,"allocs":1434,"gc_min":0.0,"gc_median":0.0,"memory":101840,"time_min":277666.0},"benchmark_jump_creating_small_constraints":{"time_median":1.0330211045e9,"allocs":3697476,"gc_min":2.39986584e8,"gc_median":3.36671625e8,"memory":275222944,"time_min":9.51911334e8},"power_models_opf_acr.jl pglib_opf_case5_pjm":{"time_median":1.00117140875e11,"allocs":74,"gc_min":0.0,"gc_median":0.0,"memory":3168,"time_min":1.00117140875e11},"benchmark_vector_sum_050":{"time_median":77375.0,"allocs":485,"gc_min":0.0,"gc_median":0.0,"memory":44656,"time_min":68250.0},"benchmark_array_sum_050":{"time_median":2.77020916e8,"allocs":1375209,"gc_min":2.2109042e7,"gc_median":5.6578333e7,"memory":82413120,"time_min":2.43975375e8},"ipopt_clnlbeam.jl 500":{"time_median":3.65160974709e11,"allocs":80,"gc_min":0.0,"gc_median":0.0,"memory":3472,"time_min":3.65160974709e11},"benchmark_macro_linear_010":{"time_median":3.9312292e7,"allocs":74093,"gc_min":0.0,"gc_median":0.0,"memory":4900032,"time_min":3.82995e7},"gurobi_lqcp.jl 1000":{"time_median":2.50960480583e11,"allocs":81,"gc_min":0.0,"gc_median":0.0,"memory":3456,"time_min":2.50960480583e11},"gurobi_lqcp.jl 1500":{"time_median":1.38169918916e11,"allocs":81,"gc_min":0.0,"gc_median":0.0,"memory":3456,"time_min":1.38169918916e11},"benchmark_macro_linear_050":{"time_median":5.630814583e9,"allocs":4913227,"gc_min":3.31057793e8,"gc_median":3.31057793e8,"memory":319168064,"time_min":5.630814583e9},"benchmark_jump_creating_variable_sparse_axis_array":{"time_median":766417.0,"allocs":5136,"gc_min":0.0,"gc_median":0.0,"memory":269648,"time_min":720834.0},"benchmark_dense_axis_constraints_iterate":{"time_median":7.382667e6,"allocs":53652,"gc_min":0.0,"gc_median":0.0,"memory":3030624,"time_min":7.173875e6},"benchmark_print_model_10000":{"time_median":2.4874792e7,"allocs":129970,"gc_min":0.0,"gc_median":0.0,"memory":9462592,"time_min":2.4192333e7},"benchmark_jump_creating_variable_array":{"time_median":1.445417e6,"allocs":10136,"gc_min":0.0,"gc_median":0.0,"memory":583488,"time_min":1.389583e6},"gurobi_facility.jl 50":{"time_median":6.3711329375e10,"allocs":80,"gc_min":0.0,"gc_median":0.0,"memory":3472,"time_min":6.3711329375e10},"inverse_ising_expr.jl rple":{"time_median":4.0043547917e10,"allocs":74,"gc_min":0.0,"gc_median":0.0,"memory":3168,"time_min":4.0043547917e10},"inverse_ising_expr.jl rise":{"time_median":4.3523711625e10,"allocs":75,"gc_min":0.0,"gc_median":0.0,"memory":3472,"time_min":4.3523711625e10},"benchmark_matrix_sum_050":{"time_median":3.282042e6,"allocs":22665,"gc_min":0.0,"gc_median":0.0,"memory":1475872,"time_min":3.15175e6},"benchmark_sparse_axis_constraints_iterate":{"time_median":4.955125e6,"allocs":36735,"gc_min":0.0,"gc_median":0.0,"memory":2278480,"time_min":4.856084e6},"benchmark_ipopt_fractional_power":{"time_median":1.0551084e7,"allocs":1769,"gc_min":0.0,"gc_median":0.0,"memory":94800,"time_min":1.0236875e7},"gurobi_facility.jl 25":{"time_median":3.4554319666e10,"allocs":80,"gc_min":0.0,"gc_median":0.0,"memory":3472,"time_min":3.4554319666e10},"benchmark_matrix_sum_010":{"time_median":144333.0,"allocs":1035,"gc_min":0.0,"gc_median":0.0,"memory":70992,"time_min":133583.0},"power_models_opf_acp.jl pglib_opf_case5_pjm":{"time_median":1.9166813525e11,"allocs":74,"gc_min":0.0,"gc_median":0.0,"memory":3168,"time_min":1.9166813525e11},"inverse_ising_register.jl rise":{"time_median":2.20619385458e11,"allocs":74,"gc_min":0.0,"gc_median":0.0,"memory":3168,"time_min":2.20619385458e11},"ipopt_clnlbeam.jl 50":{"time_median":1.0262879925e11,"allocs":80,"gc_min":0.0,"gc_median":0.0,"memory":3472,"time_min":1.0262879925e11},"benchmark_matrix_affine_product_010":{"time_median":452750.0,"allocs":2006,"gc_min":0.0,"gc_median":0.0,"memory":231136,"time_min":412667.0},"ipopt_clnlbeam.jl 5":{"time_median":4.1692051916e10,"allocs":80,"gc_min":0.0,"gc_median":0.0,"memory":3472,"time_min":4.1692051916e10}}