{"benchmark_p_median":{"time_median":4.62757083e8,"allocs":7513879,"gc_min":1.11253584e8,"gc_median":1.96940791e8,"memory":632312848,"time_min":3.73257208e8},"gurobi_facility.jl 75":{"time_median":1.1475791375e10,"allocs":76,"gc_min":0.0,"gc_median":0.0,"memory":3152,"time_min":1.1475791375e10},"inverse_ising_register.jl logrise":{"time_median":4.842046979e9,"allocs":73,"gc_min":0.0,"gc_median":0.0,"memory":3016,"time_min":4.839887208e9},"benchmark_print_AffExpr":{"time_median":49791.0,"allocs":1185,"gc_min":0.0,"gc_median":0.0,"memory":90176,"time_min":45792.0},"benchmark_vector_sum_010":{"time_median":3694.3333333333335,"allocs":176,"gc_min":0.0,"gc_median":0.0,"memory":16928,"time_min":3375.0},"gurobi_lqcp.jl 2000":{"time_median":3.2840821583e10,"allocs":77,"gc_min":0.0,"gc_median":0.0,"memory":3152,"time_min":3.2840821583e10},"benchmark_nlexpr_model_mle":{"time_median":1.577583e6,"allocs":24171,"gc_min":0.0,"gc_median":0.0,"memory":1978080,"time_min":1.438167e6},"benchmark_nlexpr_model_large_expressions":{"time_median":3.4674835415e9,"allocs":39396220,"gc_min":8.35084751e8,"gc_median":8.46539751e8,"memory":2206074984,"time_min":3.442276541e9},"benchmark_print_small_model":{"time_median":104042.0,"allocs":2410,"gc_min":0.0,"gc_median":0.0,"memory":184368,"time_min":98875.0},"benchmark_matrix_quadratic_product_010":{"time_median":1.037167e6,"allocs":4514,"gc_min":0.0,"gc_median":0.0,"memory":1780872,"time_min":987334.0},"benchmark_nlexpr_model_nested_problems":{"time_median":2.85593167e8,"allocs":428921,"gc_min":0.0,"gc_median":0.0,"memory":14740152,"time_min":2.086155e8},"benchmark_nlexpr_micro_value_expr_many_small":{"time_median":3.5279479e7,"allocs":689503,"gc_min":2.303625e6,"gc_median":4.117896e6,"memory":73271112,"time_min":3.2073166e7},"benchmark_sparse_axis_constraints_index":{"time_median":934104.5,"allocs":26967,"gc_min":0.0,"gc_median":0.0,"memory":2276176,"time_min":878209.0},"inverse_ising_expr.jl logrise":{"time_median":3.991674604e9,"allocs":73,"gc_min":0.0,"gc_median":0.0,"memory":3000,"time_min":3.980469625e9},"benchmark_macro_quad_010":{"time_median":1.162175e7,"allocs":144913,"gc_min":0.0,"gc_median":0.0,"memory":16325232,"time_min":1.1402041e7},"gurobi_lqcp.jl 500":{"time_median":3.188177583e9,"allocs":76,"gc_min":0.0,"gc_median":0.0,"memory":3136,"time_min":3.175690583e9},"ipopt_jump_2788.jl 800":{"time_median":4.225560125e9,"allocs":77,"gc_min":0.0,"gc_median":0.0,"memory":3168,"time_min":4.214521083e9},"benchmark_jump_creating_variable_dense_axis_array":{"time_median":212833.0,"allocs":6158,"gc_min":0.0,"gc_median":0.0,"memory":506688,"time_min":195500.0},"ipopt_jump_2788.jl 200":{"time_median":3.787341229e9,"allocs":76,"gc_min":0.0,"gc_median":0.0,"memory":3152,"time_min":3.765209333e9},"benchmark_nlexpr_model_clnlbeam":{"time_median":5.4420875e7,"allocs":683335,"gc_min":0.0,"gc_median":5.0245e6,"memory":45349424,"time_min":4.733775e7},"inverse_ising_register.jl rple":{"time_median":4.3103100625e9,"allocs":73,"gc_min":0.0,"gc_median":0.0,"memory":3016,"time_min":4.305674333e9},"benchmark_matrix_affine_product_050":{"time_median":1.5890708e7,"allocs":82634,"gc_min":0.0,"gc_median":2.429917e6,"memory":38323304,"time_min":1.3407375e7},"benchmark_array_sum_010":{"time_median":229542.0,"allocs":9159,"gc_min":0.0,"gc_median":0.0,"memory":710432,"time_min":214250.0},"ipopt_jump_2788.jl 400":{"time_median":4.1123455625e9,"allocs":76,"gc_min":0.0,"gc_median":0.0,"memory":3152,"time_min":4.106056042e9},"benchmark_nlexpr_model_large_expressions_2":{"time_median":4.895625e7,"allocs":343636,"gc_min":0.0,"gc_median":9.224104e6,"memory":31286448,"time_min":3.9106042e7},"benchmark_value_nonlinear_expression":{"time_median":3.52844e8,"allocs":2799762,"gc_min":5.8555084e7,"gc_median":1.27649583e8,"memory":291155440,"time_min":2.79922542e8},"benchmark_macro_quad_050":{"time_median":1.9754295e9,"allocs":13461099,"gc_min":1.67953042e8,"gc_median":2.55930585e8,"memory":1564204456,"time_min":1.873694667e9},"benchmark_jump_creating_model":{"time_median":1500.0,"allocs":94,"gc_min":0.0,"gc_median":0.0,"memory":10544,"time_min":1347.2222222222222},"benchmark_matrix_quadratic_product_050":{"time_median":7.02529333e8,"allocs":157636,"gc_min":1.282555e8,"gc_median":1.2994375e8,"memory":966263448,"time_min":7.00048292e8},"benchmark_dense_axis_constraints_index":{"time_median":1.394833e6,"allocs":43932,"gc_min":0.0,"gc_median":0.0,"memory":3147920,"time_min":1.326791e6},"gurobi_facility.jl 100":{"time_median":2.3436962208e10,"allocs":76,"gc_min":0.0,"gc_median":0.0,"memory":3152,"time_min":2.3436962208e10},"benchmark_print_model":{"time_median":51250.0,"allocs":1236,"gc_min":0.0,"gc_median":0.0,"memory":94560,"time_min":48667.0},"benchmark_jump_creating_small_constraints":{"time_median":1.49198125e8,"allocs":3297740,"gc_min":2.9346292e7,"gc_median":6.3051958e7,"memory":244842152,"time_min":1.143025e8},"power_models_opf_acr.jl pglib_opf_case5_pjm":{"time_median":8.968118625e9,"allocs":73,"gc_min":0.0,"gc_median":0.0,"memory":3008,"time_min":8.968118625e9},"benchmark_vector_sum_050":{"time_median":11417.0,"allocs":389,"gc_min":0.0,"gc_median":0.0,"memory":43680,"time_min":10125.0},"highs_diet.jl nothing":{"time_median":1.57966375e9,"allocs":70,"gc_min":0.0,"gc_median":0.0,"memory":2840,"time_min":1.574753e9},"benchmark_array_sum_050":{"time_median":4.0888541e7,"allocs":1125212,"gc_min":0.0,"gc_median":4.086875e6,"memory":75416768,"time_min":3.6581042e7},"ipopt_clnlbeam.jl 500":{"time_median":2.2645007125e10,"allocs":76,"gc_min":0.0,"gc_median":0.0,"memory":3152,"time_min":2.2645007125e10},"benchmark_macro_linear_010":{"time_median":4.743375e6,"allocs":123051,"gc_min":0.0,"gc_median":0.0,"memory":12860368,"time_min":4.620084e6},"gurobi_lqcp.jl 1000":{"time_median":7.73261175e9,"allocs":78,"gc_min":0.0,"gc_median":0.0,"memory":3456,"time_min":7.73261175e9},"gurobi_lqcp.jl 1500":{"time_median":1.5999377709e10,"allocs":77,"gc_min":0.0,"gc_median":0.0,"memory":3152,"time_min":1.5999377709e10},"benchmark_macro_linear_050":{"time_median":7.48453209e8,"allocs":10933751,"gc_min":6.7677666e7,"gc_median":1.71428541e8,"memory":1284778120,"time_min":6.41609208e8},"benchmark_jump_creating_variable_sparse_axis_array":{"time_median":172542.0,"allocs":3153,"gc_min":0.0,"gc_median":0.0,"memory":225936,"time_min":165583.0},"benchmark_nlexpr_model_rosenbrock":{"time_median":2.82775e6,"allocs":3526,"gc_min":0.0,"gc_median":0.0,"memory":116832,"time_min":1.556083e6},"benchmark_dense_axis_constraints_iterate":{"time_median":1.38325e6,"allocs":43932,"gc_min":0.0,"gc_median":0.0,"memory":3147920,"time_min":1.328333e6},"benchmark_print_model_10000":{"time_median":4.470458e6,"allocs":100299,"gc_min":0.0,"gc_median":0.0,"memory":7891792,"time_min":4.398459e6},"benchmark_jump_creating_variable_array":{"time_median":225083.0,"allocs":6142,"gc_min":0.0,"gc_median":0.0,"memory":506176,"time_min":211833.0},"gurobi_facility.jl 50":{"time_median":3.9698060215e9,"allocs":76,"gc_min":0.0,"gc_median":0.0,"memory":3152,"time_min":3.961749709e9},"inverse_ising_expr.jl rple":{"time_median":4.031283479e9,"allocs":73,"gc_min":0.0,"gc_median":0.0,"memory":3000,"time_min":4.025132958e9},"inverse_ising_expr.jl rise":{"time_median":3.981620646e9,"allocs":73,"gc_min":0.0,"gc_median":0.0,"memory":3000,"time_min":3.969527875e9},"benchmark_nlexpr_micro_many_constraints":{"time_median":3.3222125e7,"allocs":650158,"gc_min":0.0,"gc_median":2.949958e6,"memory":31259416,"time_min":3.0058e7},"benchmark_matrix_sum_050":{"time_median":547792.0,"allocs":17668,"gc_min":0.0,"gc_median":0.0,"memory":1352072,"time_min":530000.0},"benchmark_sparse_axis_constraints_iterate":{"time_median":915041.0,"allocs":26967,"gc_min":0.0,"gc_median":0.0,"memory":2276176,"time_min":873125.0},"benchmark_ipopt_fractional_power":{"time_median":2.273792e6,"allocs":3704,"gc_min":0.0,"gc_median":0.0,"memory":138688,"time_min":1.322875e6},"gurobi_facility.jl 25":{"time_median":2.146046375e9,"allocs":76,"gc_min":0.0,"gc_median":0.0,