{"benchmark_p_median":{"time_median":4.224602292e9,"allocs":8660995,"gc_min":1.177837126e9,"gc_median":1.177837126e9,"memory":733692719,"time_min":4.224602292e9},"gurobi_facility.jl 75":{"time_median":1.0076767675e11,"allocs":465,"gc_min":0.0,"gc_median":0.0,"memory":21776,"time_min":1.0076767675e11},"benchmark_print_AffExpr":{"time_median":269625.0,"allocs":1386,"gc_min":0.0,"gc_median":0.0,"memory":95104,"time_min":251250.0},"benchmark_vector_sum_010":{"time_median":25334.0,"allocs":192,"gc_min":0.0,"gc_median":0.0,"memory":16288,"time_min":21334.0},"gurobi_lqcp.jl 2000":{"time_median":2.21719339334e11,"allocs":81,"gc_min":0.0,"gc_median":0.0,"memory":3456,"time_min":2.21719339334e11},"benchmark_print_small_model":{"time_median":521583.0,"allocs":2722,"gc_min":0.0,"gc_median":0.0,"memory":185952,"time_min":495167.0},"benchmark_matrix_quadratic_product_010":{"time_median":3.6997915e6,"allocs":3607,"gc_min":0.0,"gc_median":0.0,"memory":1059216,"time_min":3.629334e6},"benchmark_sparse_axis_constraints_index":{"time_median":3.7017268625e10,"allocs":6689736,"gc_min":2.34871958e8,"gc_median":2.34871958e8,"memory":440128594,"time_min":3.7017268625e10},"benchmark_macro_quad_010":{"time_median":7.12198335e7,"allocs":204293,"gc_min":0.0,"gc_median":0.0,"memory":17176816,"time_min":7.00885e7},"gurobi_lqcp.jl 500":{"time_median":6.8846896125e10,"allocs":80,"gc_min":0.0,"gc_median":0.0,"memory":3440,"time_min":6.8846896125e10},"ipopt_jump_2788.jl 800":{"time_median":3.6391571416e10,"allocs":81,"gc_min":0.0,"gc_median":0.0,"memory":3488,"time_min":3.6391571416e10},"benchmark_jump_creating_variable_dense_axis_array":{"time_median":1.406021e6,"allocs":10137,"gc_min":0.0,"gc_median":0.0,"memory":583520,"time_min":1.327125e6},"ipopt_jump_2788.jl 200":{"time_median":3.3896627125e10,"allocs":80,"gc_min":0.0,"gc_median":0.0,"memory":3472,"time_min":3.3896627125e10},"benchmark_matrix_affine_product_050":{"time_median":4.6295833e7,"allocs":57626,"gc_min":0.0,"gc_median":0.0,"memory":19987328,"time_min":4.3885958e7},"benchmark_array_sum_010":{"time_median":1.4945e6,"allocs":11156,"gc_min":0.0,"gc_median":0.0,"memory":763792,"time_min":1.414833e6},"ipopt_jump_2788.jl 400":{"time_median":3.6191491708e10,"allocs":80,"gc_min":0.0,"gc_median":0.0,"memory":3472,"time_min":3.6191491708e10},"benchmark_value_nonlinear_expression":{"time_median":1.7124900208e10,"allocs":11317030,"gc_min":1.223862376e9,"gc_median":1.223862376e9,"memory":1898102881,"time_min":1.7124900208e10},"benchmark_macro_quad_050":{"time_median":1.0948657416e10,"allocs":24121929,"gc_min":5.0987729e8,"gc_median":5.0987729e8,"memory":2049127024,"time_min":1.0948657416e10},"benchmark_jump_creating_model":{"time_median":7671.333333333333,"allocs":88,"gc_min":0.0,"gc_median":0.0,"memory":9248,"time_min":6777.777777777777},"benchmark_matrix_quadratic_product_050":{"time_median":2.23651625e9,"allocs":117628,"gc_min":4.88801292e8,"gc_median":4.91219957e8,"memory":495967408,"time_min":2.20641575e9},"benchmark_dense_axis_constraints_index":{"time_median":8.073292e6,"allocs":58639,"gc_min":0.0,"gc_median":0.0,"memory":4068960,"time_min":7.442875e6},"gurobi_facility.jl 100":{"time_median":2.73549583458e11,"allocs":80,"gc_min":0.0,"gc_median":0.0,"memory":3472,"time_min":2.73549583458e11},"benchmark_print_model":{"time_median":296375.0,"allocs":1434,"gc_min":0.0,"gc_median":0.0,"memory":101824,"time_min":277625.0},"benchmark_jump_creating_small_constraints":{"time_median":1.020511979e9,"allocs":3697476,"gc_min":2.29405291e8,"gc_median":3.282615425e8,"memory":275222928,"time_min":9.37041875e8},"benchmark_vector_sum_050":{"time_median":78167.0,"allocs":485,"gc_min":0.0,"gc_median":0.0,"memory":44640,"time_min":69875.0},"benchmark_array_sum_050":{"time_median":2.7367475e8,"allocs":1375209,"gc_min":2.6051667e7,"gc_median":5.5793916e7,"memory":82413104,"time_min":2.45572e8},"ipopt_clnlbeam.jl 500":{"time_median":2.11324120125e11,"allocs":80,"gc_min":0.0,"gc_median":0.0,"memory":3472,"time_min":2.11324120125e11},"benchmark_macro_linear_010":{"time_median":4.05520835e7,"allocs":74093,"gc_min":0.0,"gc_median":0.0,"memory":4900016,"time_min":3.9253958e7},"gurobi_lqcp.jl 1000":{"time_median":1.56466254e11,"allocs":81,"gc_min":0.0,"gc_median":0.0,"memory":3456,"time_min":1.56466254e11},"gurobi_lqcp.jl 1500":{"time_median":6.68644087e11,"allocs":81,"gc_min":0.0,"gc_median":0.0,"memory":3456,"time_min":6.68644087e11},"benchmark_macro_linear_050":{"time_median":5.869899583e9,"allocs":4913227,"gc_min":3.33526585e8,"gc_median":3.33526585e8,"memory":319168048,"time_min":5.869899583e9},"benchmark_jump_creating_variable_sparse_axis_array":{"time_median":748792.0,"allocs":5136,"gc_min":0.0,"gc_median":0.0,"memory":269632,"time_min":713708.0},"benchmark_dense_axis_constraints_iterate":{"time_median":8.057854e6,"allocs":58639,"gc_min":0.0,"gc_median":0.0,"memory":4068960,"time_min":7.603875e6},"benchmark_print_model_10000":{"time_median":2.504175e7,"allocs":129970,"gc_min":0.0,"gc_median":0.0,"memory":9462576,"time_min":2.4475291e7},"benchmark_jump_creating_variable_array":{"time_median":1.4245e6,"allocs":10136,"gc_min":0.0,"gc_median":0.0,"memory":583472,"time_min":1.337084e6},"gurobi_facility.jl 50":{"time_median":4.7220715416e10,"allocs":80,"gc_min":0.0,"gc_median":0.0,"memory":3472,"time_min":4.7220715416e10},"benchmark_matrix_sum_050":{"time_median":3.278396e6,"allocs":22665,"gc_min":0.0,"gc_median":0.0,"memory":1475856,"time_min":3.154042e6},"benchmark_sparse_axis_constraints_iterate":{"time_median":5.5480205e6,"allocs":39232,"gc_min":0.0,"gc_median":0.0,"memory":2867776,"time_min":5.333459e6},"gurobi_facility.jl 25":{"time_median":3.3175422916e10,"allocs":80,"gc_min":0.0,"gc_median":0.0,"memory":3472,"time_min":3.3175422916e10},"benchmark_matrix_sum_010":{"time_median":146708.0,"allocs":1035,"gc_min":0.0,"gc_median":0.0,"memory":70976,"time_min":136541.0},"power_models_opf_acp.jl pglib_opf_case5_pjm":{"time_median":2.90530912333e11,"allocs":74,"gc_min":0.0,"gc_median":0.0,"memory":3168,"time_min":2.90530912333e11},"ipopt_clnlbeam.jl 50":{"time_median":6.28565831583e11,"allocs":80,"gc_min":0.0,"gc_median":0.0,"memory":3472,"time_min":6.28565831583e11},"benchmark_matrix_affine_product_010":{"time_median":466125.0,"allocs":2006,"gc_min":0.0,"gc_median":0.0,"memory":231120,"time_min":414083.0},"ipopt_clnlbeam.jl 5":{"time_median":6.3951987584e10,"allocs":80,"gc_min":0.0,"gc_median":0.0,"memory":3472,"time_min":6.3951987584e10}}