{"benchmark_p_median":{"time_median":9.4810813834e10,"allocs":8661755,"gc_min":9.1706098291e10,"gc_median":9.1706098291e10,"memory":733717459,"time_min":9.4810813834e10},"gurobi_facility.jl 75":{"time_median":1.0815278875e11,"allocs":465,"gc_min":0.0,"gc_median":0.0,"memory":21776,"time_min":1.0815278875e11},"inverse_ising_register.jl logrise":{"time_median":1.12013736666e11,"allocs":74,"gc_min":0.0,"gc_median":0.0,"memory":3168,"time_min":1.12013736666e11},"benchmark_print_AffExpr":{"time_median":277334.0,"allocs":1386,"gc_min":0.0,"gc_median":0.0,"memory":95120,"time_min":264292.0},"benchmark_vector_sum_010":{"time_median":24444.666666666668,"allocs":192,"gc_min":0.0,"gc_median":0.0,"memory":16304,"time_min":21402.666666666668},"gurobi_lqcp.jl 2000":{"time_median":2.18612186167e11,"allocs":81,"gc_min":0.0,"gc_median":0.0,"memory":3456,"time_min":2.18612186167e11},"benchmark_print_small_model":{"time_median":543375.0,"allocs":2722,"gc_min":0.0,"gc_median":0.0,"memory":185968,"time_min":517333.0},"benchmark_matrix_quadratic_product_010":{"time_median":3.619542e6,"allocs":3607,"gc_min":0.0,"gc_median":0.0,"memory":1059232,"time_min":3.544625e6},"benchmark_sparse_axis_constraints_index":{"time_median":6.823391709e9,"allocs":6690873,"gc_min":3.39063582e8,"gc_median":3.39063582e8,"memory":552727724,"time_min":6.823391709e9},"inverse_ising_expr.jl logrise":{"time_median":6.7858208542e10,"allocs":74,"gc_min":0.0,"gc_median":0.0,"memory":3168,"time_min":6.7858208542e10},"benchmark_macro_quad_010":{"time_median":6.76648125e7,"allocs":204293,"gc_min":0.0,"gc_median":0.0,"memory":17176832,"time_min":6.5630583e7},"gurobi_lqcp.jl 500":{"time_median":6.82223285e10,"allocs":80,"gc_min":0.0,"gc_median":0.0,"memory":3440,"time_min":6.82223285e10},"ipopt_jump_2788.jl 800":{"time_median":7.4485239375e10,"allocs":81,"gc_min":0.0,"gc_median":0.0,"memory":3488,"time_min":7.4485239375e10},"benchmark_jump_creating_variable_dense_axis_array":{"time_median":1.430875e6,"allocs":10137,"gc_min":0.0,"gc_median":0.0,"memory":583536,"time_min":1.370625e6},"ipopt_jump_2788.jl 200":{"time_median":8.1170614583e10,"allocs":80,"gc_min":0.0,"gc_median":0.0,"memory":3472,"time_min":8.1170614583e10},"inverse_ising_register.jl rple":{"time_median":4.4889498083e10,"allocs":74,"gc_min":0.0,"gc_median":0.0,"memory":3168,"time_min":4.4889498083e10},"benchmark_matrix_affine_product_050":{"time_median":4.6041375e7,"allocs":57626,"gc_min":0.0,"gc_median":0.0,"memory":19987344,"time_min":4.3893125e7},"benchmark_array_sum_010":{"time_median":1.538667e6,"allocs":11156,"gc_min":0.0,"gc_median":0.0,"memory":763808,"time_min":1.477e6},"ipopt_jump_2788.jl 400":{"time_median":9.4186379125e10,"allocs":80,"gc_min":0.0,"gc_median":0.0,"memory":3472,"time_min":9.4186379125e10},"benchmark_value_nonlinear_expression":{"time_median":4.0827610167e10,"allocs":11203619,"gc_min":1.702753917e9,"gc_median":1.702753917e9,"memory":1891898226,"time_min":4.0827610167e10},"benchmark_macro_quad_050":{"time_median":1.0028262125e10,"allocs":24121929,"gc_min":5.07740003e8,"gc_median":5.07740003e8,"memory":2049127040,"time_min":1.0028262125e10},"benchmark_jump_creating_model":{"time_median":7750.0,"allocs":88,"gc_min":0.0,"gc_median":0.0,"memory":9264,"time_min":6814.888888888889},"benchmark_matrix_quadratic_product_050":{"time_median":2.20370625e9,"allocs":117628,"gc_min":4.29987083e8,"gc_median":4.7854525e8,"memory":495967424,"time_min":2.103705917e9},"benchmark_dense_axis_constraints_index":{"time_median":7.389958e6,"allocs":53652,"gc_min":0.0,"gc_median":0.0,"memory":3030624,"time_min":7.214125e6},"gurobi_facility.jl 100":{"time_median":1.318968311334e12,"allocs":80,"gc_min":0.0,"gc_median":0.0,"memory":3472,"time_min":1.318968311334e12},"benchmark_print_model":{"time_median":301125.0,"allocs":1434,"gc_min":0.0,"gc_median":0.0,"memory":101840,"time_min":287916.0},"benchmark_jump_creating_small_constraints":{"time_median":1.0541638125e9,"allocs":3697476,"gc_min":2.47018332e8,"gc_median":3.32152583e8,"memory":275222944,"time_min":9.86983292e8},"power_models_opf_acr.jl pglib_opf_case5_pjm":{"time_median":1.3364744075e11,"allocs":74,"gc_min":0.0,"gc_median":0.0,"memory":3168,"time_min":1.3364744075e11},"benchmark_vector_sum_050":{"time_median":79167.0,"allocs":485,"gc_min":0.0,"gc_median":0.0,"memory":44656,"time_min":70375.0},"benchmark_array_sum_050":{"time_median":2.90276208e8,"allocs":1375209,"gc_min":2.6474542e7,"gc_median":5.0002458e7,"memory":82413120,"time_min":2.60994084e8},"ipopt_clnlbeam.jl 500":{"time_median":1.271658737208e12,"allocs":80,"gc_min":0.0,"gc_median":0.0,"memory":3472,"time_min":1.271658737208e12},"benchmark_macro_linear_010":{"time_median":4.27698125e7,"allocs":74093,"gc_min":0.0,"gc_median":0.0,"memory":4900032,"time_min":4.1651083e7},"gurobi_lqcp.jl 1000":{"time_median":6.6284527083e10,"allocs":81,"gc_min":0.0,"gc_median":0.0,"memory":3456,"time_min":6.6284527083e10},"gurobi_lqcp.jl 1500":{"time_median":1.119626954875e12,"allocs":81,"gc_min":0.0,"gc_median":0.0,"memory":3456,"time_min":1.119626954875e12},"benchmark_macro_linear_050":{"time_median":6.0995785e9,"allocs":4913227,"gc_min":3.33723624e8,"gc_median":3.33723624e8,"memory":319168064,"time_min":6.0995785e9},"benchmark_jump_creating_variable_sparse_axis_array":{"time_median":754042.0,"allocs":5136,"gc_min":0.0,"gc_median":0.0,"memory":269648,"time_min":706375.0},"benchmark_dense_axis_constraints_iterate":{"time_median":7.364708e6,"allocs":53652,"gc_min":0.0,"gc_median":0.0,"memory":3030624,"time_min":7.217541e6},"benchmark_print_model_10000":{"time_median":2.571575e7,"allocs":129970,"gc_min":0.0,"gc_median":0.0,"memory":9462592,"time_min":2.5188417e7},"benchmark_jump_creating_variable_array":{"time_median":1.4165e6,"allocs":10136,"gc_min":0.0,"gc_median":0.0,"memory":583488,"time_min":1.362375e6},"gurobi_facility.jl 50":{"time_median":4.8840585167e10,"allocs":80,"gc_min":0.0,"gc_median":0.0,"memory":3472,"time_min":4.8840585167e10},"inverse_ising_expr.jl rple":{"time_median":7.5227932833e10,"allocs":74,"gc_min":0.0,"gc_median":0.0,"memory":3168,"time_min":7.5227932833e10},"inverse_ising_expr.jl rise":{"time_median":4.3884326542e10,"allocs":75,"gc_min":0.0,"gc_median":0.0,"memory":3472,"time_min":4.3884326542e10},"benchmark_matrix_sum_050":{"time_median":3.321458e6,"allocs":22665,"gc_min":0.0,"gc_median":0.0,"memory":1475872,"time_min":3.202416e6},"benchmark_sparse_axis_constraints_iterate":{"time_median":4.972167e6,"allocs":36735,"gc_min":0.0,"gc_median":0.0,"memory":2278480,"time_min":4.849875e6},"benchmark_ipopt_fractional_power":{"time_median":1.0569166e7,"allocs":1769,"gc_min":0.0,"gc_median":0.0,"memory":94800,"time_min":1.0293167e7},"gurobi_facility.jl 25":{"time_median":1.938560785e11,"allocs":80,"gc_min":0.0,"gc_median":0.0,"memory":3472,"time_min":1.938560785e11},"benchmark_matrix_sum_010":{"time_median":148667.0,"allocs":1035,"gc_min":0.0,"gc_median":0.0,"memory":70992,"time_min":137500.0},"power_models_opf_acp.jl pglib_opf_case5_pjm":{"time_median":2.43733338375e11,"allocs":74,"gc_min":0.0,"gc_median":0.0,"memory":3168,"time_min":2.43733338375e11},"inverse_ising_register.jl rise":{"time_median":4.0270769958e10,"allocs":74,"gc_min":0.0,"gc_median":0.0,"memory":3168,"time_min":4.0270769958e10},"ipopt_clnlbeam.jl 50":{"time_median":1.89086148375e11,"allocs":80,"gc_min":0.0,"gc_median":0.0,"memory":3472,"time_min":1.89086148375e11},"benchmark_matrix_affine_product_010":{"time_median":456542.0,"allocs":2006,"gc_min":0.0,"gc_median":0.0,"memory":231136,"time_min":403458.0},"ipopt_clnlbeam.jl 5":{"time_median":5.4122943834e10,"allocs":80,"gc_min":0.0,"gc_median":0.0,"memory":3472,"time_min":5.4122943834e10}}