{"benchmark_p_median":{"time_median":4.22835e9,"allocs":8661742,"gc_min":1.169446249e9,"gc_median":1.169446249e9,"memory":733716611,"time_min":4.22835e9},"gurobi_facility.jl 75":{"time_median":8.84016990417e11,"allocs":465,"gc_min":0.0,"gc_median":0.0,"memory":21776,"time_min":8.84016990417e11},"inverse_ising_register.jl logrise":{"time_median":4.4634975208e10,"allocs":74,"gc_min":0.0,"gc_median":0.0,"memory":3168,"time_min":4.4634975208e10},"benchmark_print_AffExpr":{"time_median":270583.0,"allocs":1386,"gc_min":0.0,"gc_median":0.0,"memory":95120,"time_min":255333.0},"benchmark_vector_sum_010":{"time_median":24222.0,"allocs":192,"gc_min":0.0,"gc_median":0.0,"memory":16304,"time_min":20958.333333333332},"gurobi_lqcp.jl 2000":{"time_median":1.200318978667e12,"allocs":81,"gc_min":0.0,"gc_median":0.0,"memory":3456,"time_min":1.200318978667e12},"benchmark_print_small_model":{"time_median":526875.0,"allocs":2722,"gc_min":0.0,"gc_median":0.0,"memory":185968,"time_min":493833.0},"benchmark_matrix_quadratic_product_010":{"time_median":3.604938e6,"allocs":3607,"gc_min":0.0,"gc_median":0.0,"memory":1059232,"time_min":3.52575e6},"benchmark_sparse_axis_constraints_index":{"time_median":6.2842345e9,"allocs":6542497,"gc_min":2.65227042e8,"gc_median":2.65227042e8,"memory":431124240,"time_min":6.2842345e9},"inverse_ising_expr.jl logrise":{"time_median":3.8729022666e10,"allocs":74,"gc_min":0.0,"gc_median":0.0,"memory":3168,"time_min":3.8729022666e10},"benchmark_macro_quad_010":{"time_median":8.59116792e8,"allocs":686609,"gc_min":2.8939625e7,"gc_median":2.8939625e7,"memory":46047383,"time_min":8.59116792e8},"gurobi_lqcp.jl 500":{"time_median":3.8492214375e10,"allocs":80,"gc_min":0.0,"gc_median":0.0,"memory":3440,"time_min":3.8492214375e10},"ipopt_jump_2788.jl 800":{"time_median":4.2653509375e10,"allocs":81,"gc_min":0.0,"gc_median":0.0,"memory":3488,"time_min":4.2653509375e10},"benchmark_jump_creating_variable_dense_axis_array":{"time_median":1.423875e6,"allocs":10137,"gc_min":0.0,"gc_median":0.0,"memory":583536,"time_min":1.369125e6},"ipopt_jump_2788.jl 200":{"time_median":6.8549086333e10,"allocs":80,"gc_min":0.0,"gc_median":0.0,"memory":3472,"time_min":6.8549086333e10},"inverse_ising_register.jl rple":{"time_median":7.5855206208e10,"allocs":74,"gc_min":0.0,"gc_median":0.0,"memory":3168,"time_min":7.5855206208e10},"benchmark_matrix_affine_product_050":{"time_median":4.568025e7,"allocs":57626,"gc_min":0.0,"gc_median":0.0,"memory":19987344,"time_min":4.3108458e7},"benchmark_array_sum_010":{"time_median":1.494667e6,"allocs":11156,"gc_min":0.0,"gc_median":0.0,"memory":763808,"time_min":1.438667e6},"ipopt_jump_2788.jl 400":{"time_median":6.8548713208e10,"allocs":80,"gc_min":0.0,"gc_median":0.0,"memory":3472,"time_min":6.8548713208e10},"benchmark_value_nonlinear_expression":{"time_median":3.4721753e10,"allocs":11262348,"gc_min":1.261120711e9,"gc_median":1.261120711e9,"memory":1894793620,"time_min":3.4721753e10},"benchmark_macro_quad_050":{"time_median":9.543344e9,"allocs":24121929,"gc_min":5.11236163e8,"gc_median":5.11236163e8,"memory":2049127040,"time_min":9.543344e9},"benchmark_jump_creating_model":{"time_median":7652.777777777777,"allocs":88,"gc_min":0.0,"gc_median":0.0,"memory":9264,"time_min":6796.222222222223},"benchmark_matrix_quadratic_product_050":{"time_median":2.142288833e9,"allocs":117628,"gc_min":4.24343542e8,"gc_median":4.81177167e8,"memory":495967424,"time_min":2.052390166e9},"benchmark_dense_axis_constraints_index":{"time_median":7.41825e6,"allocs":53652,"gc_min":0.0,"gc_median":0.0,"memory":3030624,"time_min":7.25775e6},"gurobi_facility.jl 100":{"time_median":1.995164981834e12,"allocs":80,"gc_min":0.0,"gc_median":0.0,"memory":3472,"time_min":1.995164981834e12},"benchmark_print_model":{"time_median":300167.0,"allocs":1434,"gc_min":0.0,"gc_median":0.0,"memory":101840,"time_min":284542.0},"benchmark_jump_creating_small_constraints":{"time_median":1.0439293335e9,"allocs":3697476,"gc_min":2.30064125e8,"gc_median":3.40753687e8,"memory":275222944,"time_min":9.5201225e8},"power_models_opf_acr.jl pglib_opf_case5_pjm":{"time_median":7.9566700417e10,"allocs":74,"gc_min":0.0,"gc_median":0.0,"memory":3168,"time_min":7.9566700417e10},"benchmark_vector_sum_050":{"time_median":79125.0,"allocs":485,"gc_min":0.0,"gc_median":0.0,"memory":44656,"time_min":69750.0},"benchmark_array_sum_050":{"time_median":2.75965416e8,"allocs":1375209,"gc_min":2.2514291e7,"gc_median":5.6609292e7,"memory":82413120,"time_min":2.38524333e8},"ipopt_clnlbeam.jl 500":{"time_median":5.36734788458e11,"allocs":80,"gc_min":0.0,"gc_median":0.0,"memory":3472,"time_min":5.36734788458e11},"benchmark_macro_linear_010":{"time_median":4.12156665e7,"allocs":74093,"gc_min":0.0,"gc_median":0.0,"memory":4900032,"time_min":4.0198584e7},"gurobi_lqcp.jl 1000":{"time_median":1.0823028075e11,"allocs":81,"gc_min":0.0,"gc_median":0.0,"memory":3456,"time_min":1.0823028075e11},"gurobi_lqcp.jl 1500":{"time_median":1.76164489875e11,"allocs":81,"gc_min":0.0,"gc_median":0.0,"memory":3456,"time_min":1.76164489875e11},"benchmark_macro_linear_050":{"time_median":6.8440546375e10,"allocs":4913227,"gc_min":3.30693958e8,"gc_median":3.30693958e8,"memory":319168064,"time_min":6.8440546375e10},"benchmark_jump_creating_variable_sparse_axis_array":{"time_median":760459.0,"allocs":5136,"gc_min":0.0,"gc_median":0.0,"memory":269648,"time_min":728875.0},"benchmark_dense_axis_constraints_iterate":{"time_median":7.3975835e6,"allocs":53652,"gc_min":0.0,"gc_median":0.0,"memory":3030624,"time_min":7.238708e6},"benchmark_print_model_10000":{"time_median":2.5525708e7,"allocs":129970,"gc_min":0.0,"gc_median":0.0,"memory":9462592,"time_min":2.4909917e7},"benchmark_jump_creating_variable_array":{"time_median":1.4345e6,"allocs":10136,"gc_min":0.0,"gc_median":0.0,"memory":583488,"time_min":1.367166e6},"gurobi_facility.jl 50":{"time_median":5.1292261833e10,"allocs":80,"gc_min":0.0,"gc_median":0.0,"memory":3472,"time_min":5.1292261833e10},"inverse_ising_expr.jl rple":{"time_median":4.68488351458e11,"allocs":74,"gc_min":0.0,"gc_median":0.0,"memory":3168,"time_min":4.68488351458e11},"inverse_ising_expr.jl rise":{"time_median":3.93755795e10,"allocs":75,"gc_min":0.0,"gc_median":0.0,"memory":3472,"time_min":3.93755795e10},"benchmark_matrix_sum_050":{"time_median":3.27175e6,"allocs":22665,"gc_min":0.0,"gc_median":0.0,"memory":1475872,"time_min":3.18325e6},"benchmark_sparse_axis_constraints_iterate":{"time_median":5.004292e6,"allocs":36735,"gc_min":0.0,"gc_median":0.0,"memory":2278480,"time_min":4.896083e6},"benchmark_ipopt_fractional_power":{"time_median":1.050975e7,"allocs":1769,"gc_min":0.0,"gc_median":0.0,"memory":94800,"time_min":1.0328292e7},"gurobi_facility.jl 25":{"time_median":3.4849522708e10,"allocs":80,"gc_min":0.0,"gc_median":0.0,"memory":3472,"time_min":3.4849522708e10},"benchmark_matrix_sum_010":{"time_median":146791.0,"allocs":1035,"gc_min":0.0,"gc_median":0.0,"memory":70992,"time_min":134958.0},"power_models_opf_acp.jl pglib_opf_case5_pjm":{"time_median":7.2836138375e10,"allocs":74,"gc_min":0.0,"gc_median":0.0,"memory":3168,"time_min":7.2836138375e10},"inverse_ising_register.jl rise":{"time_median":4.4535819975e11,"allocs":74,"gc_min":0.0,"gc_median":0.0,"memory":3168,"time_min":4.4535819975e11},"ipopt_clnlbeam.jl 50":{"time_median":5.2027124125e10,"allocs":80,"gc_min":0.0,"gc_median":0.0,"memory":3472,"time_min":5.2027124125e10},"benchmark_matrix_affine_product_010":{"time_median":456875.0,"allocs":2006,"gc_min":0.0,"gc_median":0.0,"memory":231136,"time_min":418500.0},"ipopt_clnlbeam.jl 5":{"time_median":7.8783735916e10,"allocs":80,"gc_min":0.0,"gc_median":0.0,"memory":3472,"time_min":7.8783735916e10}}