{"benchmark_p_median":{"time_median":4.240184833e9,"allocs":8661779,"gc_min":1.185752125e9,"gc_median":1.185752125e9,"memory":733719523,"time_min":4.240184833e9},"gurobi_facility.jl 75":{"time_median":2.00657888792e11,"allocs":465,"gc_min":0.0,"gc_median":0.0,"memory":21776,"time_min":2.00657888792e11},"inverse_ising_register.jl logrise":{"time_median":4.3569264375e10,"allocs":74,"gc_min":0.0,"gc_median":0.0,"memory":3168,"time_min":4.3569264375e10},"benchmark_print_AffExpr":{"time_median":262958.0,"allocs":1386,"gc_min":0.0,"gc_median":0.0,"memory":95120,"time_min":245542.0},"benchmark_vector_sum_010":{"time_median":23847.333333333332,"allocs":192,"gc_min":0.0,"gc_median":0.0,"memory":16304,"time_min":20750.0},"gurobi_lqcp.jl 2000":{"time_median":4.24539509459e11,"allocs":81,"gc_min":0.0,"gc_median":0.0,"memory":3456,"time_min":4.24539509459e11},"benchmark_print_small_model":{"time_median":514083.0,"allocs":2722,"gc_min":0.0,"gc_median":0.0,"memory":185968,"time_min":494500.0},"benchmark_matrix_quadratic_product_010":{"time_median":3.563084e6,"allocs":3607,"gc_min":0.0,"gc_median":0.0,"memory":1059232,"time_min":3.434959e6},"benchmark_sparse_axis_constraints_index":{"time_median":6.853653208e9,"allocs":6759565,"gc_min":3.32618875e8,"gc_median":3.32618875e8,"memory":557203169,"time_min":6.853653208e9},"inverse_ising_expr.jl logrise":{"time_median":3.7370804333e10,"allocs":74,"gc_min":0.0,"gc_median":0.0,"memory":3168,"time_min":3.7370804333e10},"benchmark_macro_quad_010":{"time_median":6.3026833e7,"allocs":204293,"gc_min":0.0,"gc_median":0.0,"memory":17176832,"time_min":6.0996e7},"gurobi_lqcp.jl 500":{"time_median":3.7641439167e10,"allocs":80,"gc_min":0.0,"gc_median":0.0,"memory":3440,"time_min":3.7641439167e10},"ipopt_jump_2788.jl 800":{"time_median":4.1859410291e10,"allocs":81,"gc_min":0.0,"gc_median":0.0,"memory":3488,"time_min":4.1859410291e10},"benchmark_jump_creating_variable_dense_axis_array":{"time_median":1.38675e6,"allocs":10137,"gc_min":0.0,"gc_median":0.0,"memory":583536,"time_min":1.316375e6},"ipopt_jump_2788.jl 200":{"time_median":7.0542190458e10,"allocs":80,"gc_min":0.0,"gc_median":0.0,"memory":3472,"time_min":7.0542190458e10},"inverse_ising_register.jl rple":{"time_median":5.7791289959e10,"allocs":74,"gc_min":0.0,"gc_median":0.0,"memory":3168,"time_min":5.7791289959e10},"benchmark_matrix_affine_product_050":{"time_median":4.4932271e7,"allocs":57626,"gc_min":0.0,"gc_median":0.0,"memory":19987344,"time_min":4.2670167e7},"benchmark_array_sum_010":{"time_median":1.4510205e6,"allocs":11156,"gc_min":0.0,"gc_median":0.0,"memory":763808,"time_min":1.387583e6},"ipopt_jump_2788.jl 400":{"time_median":4.69078925e10,"allocs":80,"gc_min":0.0,"gc_median":0.0,"memory":3472,"time_min":4.69078925e10},"benchmark_value_nonlinear_expression":{"time_median":3.4878395958e10,"allocs":11249005,"gc_min":1.714804248e9,"gc_median":1.714804248e9,"memory":1894261208,"time_min":3.4878395958e10},"benchmark_macro_quad_050":{"time_median":9.735983542e9,"allocs":24121929,"gc_min":5.04659043e8,"gc_median":5.04659043e8,"memory":2049127040,"time_min":9.735983542e9},"benchmark_jump_creating_model":{"time_median":7689.777777777777,"allocs":88,"gc_min":0.0,"gc_median":0.0,"memory":9264,"time_min":6768.444444444444},"benchmark_matrix_quadratic_product_050":{"time_median":2.156230292e9,"allocs":117628,"gc_min":4.29853958e8,"gc_median":4.85417542e8,"memory":495967424,"time_min":2.056326125e9},"benchmark_dense_axis_constraints_index":{"time_median":7.334458e6,"allocs":53652,"gc_min":0.0,"gc_median":0.0,"memory":3030624,"time_min":7.158459e6},"gurobi_facility.jl 100":{"time_median":4.48358769291e11,"allocs":80,"gc_min":0.0,"gc_median":0.0,"memory":3472,"time_min":4.48358769291e11},"benchmark_print_model":{"time_median":289583.0,"allocs":1434,"gc_min":0.0,"gc_median":0.0,"memory":101840,"time_min":270750.0},"benchmark_jump_creating_small_constraints":{"time_median":1.0265646255e9,"allocs":3697476,"gc_min":2.29015167e8,"gc_median":3.32273375e8,"memory":275222944,"time_min":9.38804375e8},"power_models_opf_acr.jl pglib_opf_case5_pjm":{"time_median":1.1382369225e11,"allocs":74,"gc_min":0.0,"gc_median":0.0,"memory":3168,"time_min":1.1382369225e11},"benchmark_vector_sum_050":{"time_median":78250.0,"allocs":485,"gc_min":0.0,"gc_median":0.0,"memory":44656,"time_min":68583.0},"benchmark_array_sum_050":{"time_median":2.6989625e8,"allocs":1375209,"gc_min":2.1973125e7,"gc_median":5.2467875e7,"memory":82413120,"time_min":2.31381417e8},"ipopt_clnlbeam.jl 500":{"time_median":1.73795357792e11,"allocs":80,"gc_min":0.0,"gc_median":0.0,"memory":3472,"time_min":1.73795357792e11},"benchmark_macro_linear_010":{"time_median":3.9146625e7,"allocs":74093,"gc_min":0.0,"gc_median":0.0,"memory":4900032,"time_min":3.8315417e7},"gurobi_lqcp.jl 1000":{"time_median":3.10604752916e11,"allocs":81,"gc_min":0.0,"gc_median":0.0,"memory":3456,"time_min":3.10604752916e11},"gurobi_lqcp.jl 1500":{"time_median":7.66980942542e11,"allocs":81,"gc_min":0.0,"gc_median":0.0,"memory":3456,"time_min":7.66980942542e11},"benchmark_macro_linear_050":{"time_median":1.9748239583e10,"allocs":4913227,"gc_min":3.30397584e8,"gc_median":3.30397584e8,"memory":319168064,"time_min":1.9748239583e10},"benchmark_jump_creating_variable_sparse_axis_array":{"time_median":740834.0,"allocs":5136,"gc_min":0.0,"gc_median":0.0,"memory":269648,"time_min":699667.0},"benchmark_dense_axis_constraints_iterate":{"time_median":7.308042e6,"allocs":53652,"gc_min":0.0,"gc_median":0.0,"memory":3030624,"time_min":7.148166e6},"benchmark_print_model_10000":{"time_median":2.45901045e7,"allocs":129970,"gc_min":0.0,"gc_median":0.0,"memory":9462592,"time_min":2.4079417e7},"benchmark_jump_creating_variable_array":{"time_median":1.409583e6,"allocs":10136,"gc_min":0.0,"gc_median":0.0,"memory":583488,"time_min":1.358583e6},"gurobi_facility.jl 50":{"time_median":5.1105657875e10,"allocs":80,"gc_min":0.0,"gc_median":0.0,"memory":3472,"time_min":5.1105657875e10},"inverse_ising_expr.jl rple":{"time_median":6.8716025667e10,"allocs":74,"gc_min":0.0,"gc_median":0.0,"memory":3168,"time_min":6.8716025667e10},"inverse_ising_expr.jl rise":{"time_median":5.1056843291e10,"allocs":75,"gc_min":0.0,"gc_median":0.0,"memory":3472,"time_min":5.1056843291e10},"benchmark_matrix_sum_050":{"time_median":3.224416e6,"allocs":22665,"gc_min":0.0,"gc_median":0.0,"memory":1475872,"time_min":3.094084e6},"benchmark_sparse_axis_constraints_iterate":{"time_median":4.9413335e6,"allocs":36735,"gc_min":0.0,"gc_median":0.0,"memory":2278480,"time_min":4.822041e6},"benchmark_ipopt_fractional_power":{"time_median":1.0635833e7,"allocs":1769,"gc_min":0.0,"gc_median":0.0,"memory":94800,"time_min":1.0322e7},"gurobi_facility.jl 25":{"time_median":4.6143322708e10,"allocs":80,"gc_min":0.0,"gc_median":0.0,"memory":3472,"time_min":4.6143322708e10},"benchmark_matrix_sum_010":{"time_median":144625.0,"allocs":1035,"gc_min":0.0,"gc_median":0.0,"memory":70992,"time_min":132833.0},"power_models_opf_acp.jl pglib_opf_case5_pjm":{"time_median":1.12477648625e11,"allocs":74,"gc_min":0.0,"gc_median":0.0,"memory":3168,"time_min":1.12477648625e11},"inverse_ising_register.jl rise":{"time_median":3.8795234917e10,"allocs":74,"gc_min":0.0,"gc_median":0.0,"memory":3168,"time_min":3.8795234917e10},"ipopt_clnlbeam.jl 50":{"time_median":4.9878741792e10,"allocs":80,"gc_min":0.0,"gc_median":0.0,"memory":3472,"time_min":4.9878741792e10},"benchmark_matrix_affine_product_010":{"time_median":455042.0,"allocs":2006,"gc_min":0.0,"gc_median":0.0,"memory":231136,"time_min":396000.0},"ipopt_clnlbeam.jl 5":{"time_median":3.5282771833e10,"allocs":80,"gc_min":0.0,"gc_median":0.0,"memory":3472,"time_min":3.5282771833e10}}