{"benchmark_p_median":{"time_median":7.448975835e8,"allocs":8013978,"gc_min":9.9731583e7,"gc_median":1.27811687e8,"memory":696257376,"time_min":6.94562291e8},"gurobi_facility.jl 75":{"time_median":2.3537345e10,"allocs":465,"gc_min":0.0,"gc_median":0.0,"memory":21776,"time_min":2.3537345e10},"benchmark_print_AffExpr":{"time_median":100209.0,"allocs":1386,"gc_min":0.0,"gc_median":0.0,"memory":95104,"time_min":98250.0},"benchmark_vector_sum_010":{"time_median":8375.0,"allocs":192,"gc_min":0.0,"gc_median":0.0,"memory":16288,"time_min":7916.0},"gurobi_lqcp.jl 2000":{"time_median":4.9329062208e10,"allocs":81,"gc_min":0.0,"gc_median":0.0,"memory":3456,"time_min":4.9329062208e10},"benchmark_print_small_model":{"time_median":190875.0,"allocs":2722,"gc_min":0.0,"gc_median":0.0,"memory":185952,"time_min":187042.0},"benchmark_matrix_quadratic_product_010":{"time_median":1.326292e6,"allocs":3607,"gc_min":0.0,"gc_median":0.0,"memory":1059216,"time_min":1.303459e6},"benchmark_sparse_axis_constraints_index":{"time_median":1.884292e6,"allocs":39232,"gc_min":0.0,"gc_median":0.0,"memory":2867776,"time_min":1.801708e6},"benchmark_macro_quad_010":{"time_median":2.09677915e7,"allocs":204293,"gc_min":0.0,"gc_median":0.0,"memory":17176816,"time_min":2.0779917e7},"gurobi_lqcp.jl 500":{"time_median":1.1791256667e10,"allocs":80,"gc_min":0.0,"gc_median":0.0,"memory":3440,"time_min":1.1791256667e10},"ipopt_jump_2788.jl 800":{"time_median":1.157009875e10,"allocs":81,"gc_min":0.0,"gc_median":0.0,"memory":3488,"time_min":1.157009875e10},"benchmark_jump_creating_variable_dense_axis_array":{"time_median":573187.5,"allocs":10137,"gc_min":0.0,"gc_median":0.0,"memory":583520,"time_min":562875.0},"ipopt_jump_2788.jl 200":{"time_median":1.0852869292e10,"allocs":80,"gc_min":0.0,"gc_median":0.0,"memory":3472,"time_min":1.0852869292e10},"benchmark_matrix_affine_product_050":{"time_median":1.6599833e7,"allocs":57626,"gc_min":0.0,"gc_median":0.0,"memory":19987328,"time_min":1.5343e7},"benchmark_array_sum_010":{"time_median":563458.0,"allocs":11156,"gc_min":0.0,"gc_median":0.0,"memory":763792,"time_min":555875.0},"ipopt_jump_2788.jl 400":{"time_median":1.1552268333e10,"allocs":80,"gc_min":0.0,"gc_median":0.0,"memory":3472,"time_min":1.1552268333e10},"benchmark_value_nonlinear_expression":{"time_median":5.31551875e9,"allocs":11322505,"gc_min":2.53621541e8,"gc_median":2.53621541e8,"memory":1898423080,"time_min":5.31551875e9},"benchmark_macro_quad_050":{"time_median":3.1129332085e9,"allocs":24121929,"gc_min":1.39036294e8,"gc_median":2.1273825e8,"memory":2049127024,"time_min":3.042438209e9},"benchmark_jump_creating_model":{"time_median":2620.3333333333335,"allocs":88,"gc_min":0.0,"gc_median":0.0,"memory":9248,"time_min":2504.5555555555557},"benchmark_matrix_quadratic_product_050":{"time_median":7.85529958e8,"allocs":117628,"gc_min":1.02785959e8,"gc_median":1.22615208e8,"memory":495967408,"time_min":7.57873791e8},"benchmark_dense_axis_constraints_index":{"time_median":2.690958e6,"allocs":58639,"gc_min":0.0,"gc_median":0.0,"memory":4068960,"time_min":2.664333e6},"gurobi_facility.jl 100":{"time_median":4.230228175e10,"allocs":80,"gc_min":0.0,"gc_median":0.0,"memory":3472,"time_min":4.230228175e10},"benchmark_print_model":{"time_median":106625.0,"allocs":1434,"gc_min":0.0,"gc_median":0.0,"memory":101824,"time_min":104375.0},"benchmark_jump_creating_small_constraints":{"time_median":2.96509e8,"allocs":3697476,"gc_min":4.8260416e7,"gc_median":6.54800205e7,"memory":275222928,"time_min":2.66612333e8},"benchmark_vector_sum_050":{"time_median":28042.0,"allocs":485,"gc_min":0.0,"gc_median":0.0,"memory":44640,"time_min":26833.0},"benchmark_array_sum_050":{"time_median":8.9076708e7,"allocs":1375209,"gc_min":5.459458e6,"gc_median":1.1759875e7,"memory":82413104,"time_min":8.2983167e7},"ipopt_clnlbeam.jl 500":{"time_median":4.0965574541e10,"allocs":80,"gc_min":0.0,"gc_median":0.0,"memory":3472,"time_min":4.0965574541e10},"benchmark_macro_linear_010":{"time_median":1.4055583e7,"allocs":74093,"gc_min":0.0,"gc_median":0.0,"memory":4900016,"time_min":1.3994042e7},"gurobi_lqcp.jl 1000":{"time_median":1.8326763542e10,"allocs":81,"gc_min":0.0,"gc_median":0.0,"memory":3456,"time_min":1.8326763542e10},"gurobi_lqcp.jl 1500":{"time_median":2.9219643125e10,"allocs":81,"gc_min":0.0,"gc_median":0.0,"memory":3456,"time_min":2.9219643125e10},"benchmark_macro_linear_050":{"time_median":1.879786833e9,"allocs":4913227,"gc_min":4.5662708e7,"gc_median":5.4358916e7,"memory":319168048,"time_min":1.866296916e9},"benchmark_jump_creating_variable_sparse_axis_array":{"time_median":300458.0,"allocs":5136,"gc_min":0.0,"gc_median":0.0,"memory":269632,"time_min":295125.0},"benchmark_dense_axis_constraints_iterate":{"time_median":2.6935e6,"allocs":58639,"gc_min":0.0,"gc_median":0.0,"memory":4068960,"time_min":2.667291e6},"benchmark_print_model_10000":{"time_median":9.538417e6,"allocs":129970,"gc_min":0.0,"gc_median":0.0,"memory":9462576,"time_min":9.46975e6},"benchmark_jump_creating_variable_array":{"time_median":578500.0,"allocs":10136,"gc_min":0.0,"gc_median":0.0,"memory":583472,"time_min":568750.0},"gurobi_facility.jl 50":{"time_median":1.37248265e10,"allocs":80,"gc_min":0.0,"gc_median":0.0,"memory":3472,"time_min":1.37248265e10},"benchmark_matrix_sum_050":{"time_median":1.25725e6,"allocs":22665,"gc_min":0.0,"gc_median":0.0,"memory":1475856,"time_min":1.238375e6},"benchmark_sparse_axis_constraints_iterate":{"time_median":1.828584e6,"allocs":39232,"gc_min":0.0,"gc_median":0.0,"memory":2867776,"time_min":1.807125e6},"gurobi_facility.jl 25":{"time_median":1.0388589541e10,"allocs":80,"gc_min":0.0,"gc_median":0.0,"memory":3472,"time_min":1.0388589541e10},"benchmark_matrix_sum_010":{"time_median":54834.0,"allocs":1035,"gc_min":0.0,"gc_median":0.0,"memory":70976,"time_min":53417.0},"power_models_opf_acp.jl pglib_opf_case5_pjm":{"time_median":2.2563368875e10,"allocs":74,"gc_min":0.0,"gc_median":0.0,"memory":3168,"time_min":2.2563368875e10},"ipopt_clnlbeam.jl 50":{"time_median":1.3931353958e10,"allocs":80,"gc_min":0.0,"gc_median":0.0,"memory":3472,"time_min":1.3931353958e10},"benchmark_matrix_affine_product_010":{"time_median":155708.0,"allocs":2006,"gc_min":0.0,"gc_median":0.0,"memory":231120,"time_min":153708.0},"ipopt_clnlbeam.jl 5":{"time_median":1.1161495458e10,"allocs":80,"gc_min":0.0,"gc_median":0.0,"memory":3472,"time_min":1.1161495458e10}}