{"benchmark_p_median":{"time_median":4.392954167e9,"allocs":8661744,"gc_min":1.216263293e9,"gc_median":1.216263293e9,"memory":733716707,"time_min":4.392954167e9},"gurobi_facility.jl 75":{"time_median":6.40049996333e11,"allocs":465,"gc_min":0.0,"gc_median":0.0,"memory":21776,"time_min":6.40049996333e11},"inverse_ising_register.jl logrise":{"time_median":1.87480249834e11,"allocs":74,"gc_min":0.0,"gc_median":0.0,"memory":3168,"time_min":1.87480249834e11},"benchmark_print_AffExpr":{"time_median":280458.0,"allocs":1386,"gc_min":0.0,"gc_median":0.0,"memory":95120,"time_min":262250.0},"benchmark_vector_sum_010":{"time_median":24889.0,"allocs":192,"gc_min":0.0,"gc_median":0.0,"memory":16304,"time_min":21486.333333333332},"gurobi_lqcp.jl 2000":{"time_median":2.27116286334e11,"allocs":81,"gc_min":0.0,"gc_median":0.0,"memory":3456,"time_min":2.27116286334e11},"benchmark_print_small_model":{"time_median":559083.5,"allocs":2722,"gc_min":0.0,"gc_median":0.0,"memory":185968,"time_min":509708.0},"benchmark_matrix_quadratic_product_010":{"time_median":3.817334e6,"allocs":3607,"gc_min":0.0,"gc_median":0.0,"memory":1059232,"time_min":3.7155e6},"benchmark_sparse_axis_constraints_index":{"time_median":6.348083083e9,"allocs":6552271,"gc_min":2.92931333e8,"gc_median":2.92931333e8,"memory":431387792,"time_min":6.348083083e9},"inverse_ising_expr.jl logrise":{"time_median":5.739197375e10,"allocs":74,"gc_min":0.0,"gc_median":0.0,"memory":3168,"time_min":5.739197375e10},"benchmark_macro_quad_010":{"time_median":7.3366583e7,"allocs":204293,"gc_min":0.0,"gc_median":0.0,"memory":17176832,"time_min":7.0492792e7},"gurobi_lqcp.jl 500":{"time_median":1.15347109584e11,"allocs":80,"gc_min":0.0,"gc_median":0.0,"memory":3440,"time_min":1.15347109584e11},"ipopt_jump_2788.jl 800":{"time_median":1.82080864042e11,"allocs":81,"gc_min":0.0,"gc_median":0.0,"memory":3488,"time_min":1.82080864042e11},"benchmark_jump_creating_variable_dense_axis_array":{"time_median":1.4573335e6,"allocs":10137,"gc_min":0.0,"gc_median":0.0,"memory":583536,"time_min":1.371708e6},"ipopt_jump_2788.jl 200":{"time_median":4.0738955417e10,"allocs":80,"gc_min":0.0,"gc_median":0.0,"memory":3472,"time_min":4.0738955417e10},"inverse_ising_register.jl rple":{"time_median":4.03508555e10,"allocs":74,"gc_min":0.0,"gc_median":0.0,"memory":3168,"time_min":4.03508555e10},"benchmark_matrix_affine_product_050":{"time_median":4.79615415e7,"allocs":57626,"gc_min":0.0,"gc_median":0.0,"memory":19987344,"time_min":4.4197459e7},"benchmark_array_sum_010":{"time_median":1.554791e6,"allocs":11156,"gc_min":0.0,"gc_median":0.0,"memory":763808,"time_min":1.4805e6},"ipopt_jump_2788.jl 400":{"time_median":5.3709152167e10,"allocs":80,"gc_min":0.0,"gc_median":0.0,"memory":3472,"time_min":5.3709152167e10},"benchmark_value_nonlinear_expression":{"time_median":1.7374725792e10,"allocs":11265194,"gc_min":1.260775127e9,"gc_median":1.260775127e9,"memory":1895186548,"time_min":1.7374725792e10},"benchmark_macro_quad_050":{"time_median":1.082633325e10,"allocs":24121929,"gc_min":5.23389499e8,"gc_median":5.23389499e8,"memory":2049127040,"time_min":1.082633325e10},"benchmark_jump_creating_model":{"time_median":7884.222222222223,"allocs":88,"gc_min":0.0,"gc_median":0.0,"memory":9264,"time_min":6763.888888888889},"benchmark_matrix_quadratic_product_050":{"time_median":2.258652083e9,"allocs":117628,"gc_min":4.32826917e8,"gc_median":4.78983459e8,"memory":495967424,"time_min":2.171505333e9},"benchmark_dense_axis_constraints_index":{"time_median":7.474083e6,"allocs":53652,"gc_min":0.0,"gc_median":0.0,"memory":3030624,"time_min":7.2785e6},"gurobi_facility.jl 100":{"time_median":2.19136332916e11,"allocs":80,"gc_min":0.0,"gc_median":0.0,"memory":3472,"time_min":2.19136332916e11},"benchmark_print_model":{"time_median":308292.0,"allocs":1434,"gc_min":0.0,"gc_median":0.0,"memory":101840,"time_min":287625.0},"benchmark_jump_creating_small_constraints":{"time_median":1.032540375e9,"allocs":3697476,"gc_min":2.39112958e8,"gc_median":3.17593167e8,"memory":275222944,"time_min":9.88339375e8},"power_models_opf_acr.jl pglib_opf_case5_pjm":{"time_median":7.3756037209e10,"allocs":74,"gc_min":0.0,"gc_median":0.0,"memory":3168,"time_min":7.3756037209e10},"benchmark_vector_sum_050":{"time_median":82084.0,"allocs":485,"gc_min":0.0,"gc_median":0.0,"memory":44656,"time_min":72083.0},"benchmark_array_sum_050":{"time_median":2.845266455e8,"allocs":1375209,"gc_min":2.1949125e7,"gc_median":5.76603535e7,"memory":82413120,"time_min":2.5205275e8},"ipopt_clnlbeam.jl 500":{"time_median":3.89479644208e11,"allocs":80,"gc_min":0.0,"gc_median":0.0,"memory":3472,"time_min":3.89479644208e11},"benchmark_macro_linear_010":{"time_median":4.0719792e7,"allocs":74093,"gc_min":0.0,"gc_median":0.0,"memory":4900032,"time_min":3.9971292e7},"gurobi_lqcp.jl 1000":{"time_median":4.37166598042e11,"allocs":81,"gc_min":0.0,"gc_median":0.0,"memory":3456,"time_min":4.37166598042e11},"gurobi_lqcp.jl 1500":{"time_median":1.00968752334e11,"allocs":81,"gc_min":0.0,"gc_median":0.0,"memory":3456,"time_min":1.00968752334e11},"benchmark_macro_linear_050":{"time_median":5.884359416e9,"allocs":4913227,"gc_min":3.34029417e8,"gc_median":3.34029417e8,"memory":319168064,"time_min":5.884359416e9},"benchmark_jump_creating_variable_sparse_axis_array":{"time_median":771250.0,"allocs":5136,"gc_min":0.0,"gc_median":0.0,"memory":269648,"time_min":725750.0},"benchmark_dense_axis_constraints_iterate":{"time_median":7.4466465e6,"allocs":53652,"gc_min":0.0,"gc_median":0.0,"memory":3030624,"time_min":7.256875e6},"benchmark_print_model_10000":{"time_median":2.65257915e7,"allocs":129970,"gc_min":0.0,"gc_median":0.0,"memory":9462592,"time_min":2.5489125e7},"benchmark_jump_creating_variable_array":{"time_median":1.4494165e6,"allocs":10136,"gc_min":0.0,"gc_median":0.0,"memory":583488,"time_min":1.360291e6},"gurobi_facility.jl 50":{"time_median":4.7259520667e10,"allocs":80,"gc_min":0.0,"gc_median":0.0,"memory":3472,"time_min":4.7259520667e10},"inverse_ising_expr.jl rple":{"time_median":4.52218512083e11,"allocs":74,"gc_min":0.0,"gc_median":0.0,"memory":3168,"time_min":4.52218512083e11},"inverse_ising_expr.jl rise":{"time_median":9.9779748542e10,"allocs":75,"gc_min":0.0,"gc_median":0.0,"memory":3472,"time_min":9.9779748542e10},"benchmark_matrix_sum_050":{"time_median":3.395459e6,"allocs":22665,"gc_min":0.0,"gc_median":0.0,"memory":1475872,"time_min":3.266958e6},"benchmark_sparse_axis_constraints_iterate":{"time_median":5.058958e6,"allocs":36735,"gc_min":0.0,"gc_median":0.0,"memory":2278480,"time_min":4.883458e6},"benchmark_ipopt_fractional_power":{"time_median":1.0601125e7,"allocs":1769,"gc_min":0.0,"gc_median":0.0,"memory":94800,"time_min":1.0478416e7},"gurobi_facility.jl 25":{"time_median":2.09527108e11,"allocs":80,"gc_min":0.0,"gc_median":0.0,"memory":3472,"time_min":2.09527108e11},"benchmark_matrix_sum_010":{"time_median":151084.0,"allocs":1035,"gc_min":0.0,"gc_median":0.0,"memory":70992,"time_min":139791.0},"power_models_opf_acp.jl pglib_opf_case5_pjm":{"time_median":1.12789043625e11,"allocs":74,"gc_min":0.0,"gc_median":0.0,"memory":3168,"time_min":1.12789043625e11},"inverse_ising_register.jl rise":{"time_median":3.13175861833e11,"allocs":74,"gc_min":0.0,"gc_median":0.0,"memory":3168,"time_min":3.13175861833e11},"ipopt_clnlbeam.jl 50":{"time_median":1.000226631625e12,"allocs":80,"gc_min":0.0,"gc_median":0.0,"memory":3472,"time_min":1.000226631625e12},"benchmark_matrix_affine_product_010":{"time_median":475250.0,"allocs":2006,"gc_min":0.0,"gc_median":0.0,"memory":231136,"time_min":434834.0},"ipopt_clnlbeam.jl 5":{"time_median":9.88016049833e11,"allocs":80,"gc_min":0.0,"gc_median":0.0,"memory":3472,"time_min":9.88016049833e11}}