{"benchmark_p_median":{"time_median":4.394505e9,"allocs":8661755,"gc_min":1.225509624e9,"gc_median":1.225509624e9,"memory":733717459,"time_min":4.394505e9},"gurobi_facility.jl 75":{"time_median":1.63878848625e11,"allocs":465,"gc_min":0.0,"gc_median":0.0,"memory":21776,"time_min":1.63878848625e11},"inverse_ising_register.jl logrise":{"time_median":5.69558325e10,"allocs":74,"gc_min":0.0,"gc_median":0.0,"memory":3168,"time_min":5.69558325e10},"benchmark_print_AffExpr":{"time_median":305187.5,"allocs":1386,"gc_min":0.0,"gc_median":0.0,"memory":95120,"time_min":271750.0},"benchmark_vector_sum_010":{"time_median":25069.333333333332,"allocs":192,"gc_min":0.0,"gc_median":0.0,"memory":16304,"time_min":22194.666666666668},"gurobi_lqcp.jl 2000":{"time_median":3.31077549209e11,"allocs":81,"gc_min":0.0,"gc_median":0.0,"memory":3456,"time_min":3.31077549209e11},"benchmark_print_small_model":{"time_median":594583.5,"allocs":2722,"gc_min":0.0,"gc_median":0.0,"memory":185968,"time_min":542500.0},"benchmark_matrix_quadratic_product_010":{"time_median":4.04625e6,"allocs":3607,"gc_min":0.0,"gc_median":0.0,"memory":1059232,"time_min":3.679833e6},"benchmark_sparse_axis_constraints_index":{"time_median":7.112324209e9,"allocs":6690874,"gc_min":3.44350457e8,"gc_median":3.44350457e8,"memory":552728300,"time_min":7.112324209e9},"inverse_ising_expr.jl logrise":{"time_median":6.4452638708e10,"allocs":74,"gc_min":0.0,"gc_median":0.0,"memory":3168,"time_min":6.4452638708e10},"benchmark_macro_quad_010":{"time_median":7.04419375e7,"allocs":204293,"gc_min":0.0,"gc_median":0.0,"memory":17176832,"time_min":6.2854625e7},"gurobi_lqcp.jl 500":{"time_median":6.2151577e10,"allocs":80,"gc_min":0.0,"gc_median":0.0,"memory":3440,"time_min":6.2151577e10},"ipopt_jump_2788.jl 800":{"time_median":1.68677421167e11,"allocs":81,"gc_min":0.0,"gc_median":0.0,"memory":3488,"time_min":1.68677421167e11},"benchmark_jump_creating_variable_dense_axis_array":{"time_median":1.497292e6,"allocs":10137,"gc_min":0.0,"gc_median":0.0,"memory":583536,"time_min":1.368625e6},"ipopt_jump_2788.jl 200":{"time_median":1.74759966542e11,"allocs":80,"gc_min":0.0,"gc_median":0.0,"memory":3472,"time_min":1.74759966542e11},"inverse_ising_register.jl rple":{"time_median":6.8766625834e10,"allocs":74,"gc_min":0.0,"gc_median":0.0,"memory":3168,"time_min":6.8766625834e10},"benchmark_matrix_affine_product_050":{"time_median":5.28217505e7,"allocs":57626,"gc_min":0.0,"gc_median":0.0,"memory":19987344,"time_min":4.4168791e7},"benchmark_array_sum_010":{"time_median":1.587958e6,"allocs":11156,"gc_min":0.0,"gc_median":0.0,"memory":763808,"time_min":1.486e6},"ipopt_jump_2788.jl 400":{"time_median":1.16283957583e11,"allocs":80,"gc_min":0.0,"gc_median":0.0,"memory":3472,"time_min":1.16283957583e11},"benchmark_value_nonlinear_expression":{"time_median":1.2968039625e11,"allocs":11203617,"gc_min":1.749405749e9,"gc_median":1.749405749e9,"memory":1891636034,"time_min":1.2968039625e11},"benchmark_macro_quad_050":{"time_median":9.9898965e9,"allocs":24121929,"gc_min":5.05087338e8,"gc_median":5.05087338e8,"memory":2049127040,"time_min":9.9898965e9},"benchmark_jump_creating_model":{"time_median":7916.666666666667,"allocs":88,"gc_min":0.0,"gc_median":0.0,"memory":9264,"time_min":7027.777777777777},"benchmark_matrix_quadratic_product_050":{"time_median":2.5362448125e9,"allocs":117628,"gc_min":4.92499959e8,"gc_median":4.966944995e8,"memory":495967424,"time_min":2.531172375e9},"benchmark_dense_axis_constraints_index":{"time_median":7.819188e6,"allocs":53652,"gc_min":0.0,"gc_median":0.0,"memory":3030624,"time_min":7.541583e6},"gurobi_facility.jl 100":{"time_median":7.32125634833e11,"allocs":80,"gc_min":0.0,"gc_median":0.0,"memory":3472,"time_min":7.32125634833e11},"benchmark_print_model":{"time_median":330792.0,"allocs":1434,"gc_min":0.0,"gc_median":0.0,"memory":101840,"time_min":295125.0},"benchmark_jump_creating_small_constraints":{"time_median":1.0703204585e9,"allocs":3697476,"gc_min":2.42234749e8,"gc_median":3.447775205e8,"memory":275222944,"time_min":9.88972875e8},"power_models_opf_acr.jl pglib_opf_case5_pjm":{"time_median":8.46547627125e11,"allocs":74,"gc_min":0.0,"gc_median":0.0,"memory":3168,"time_min":8.46547627125e11},"benchmark_vector_sum_050":{"time_median":80750.0,"allocs":485,"gc_min":0.0,"gc_median":0.0,"memory":44656,"time_min":71875.0},"benchmark_array_sum_050":{"time_median":2.959181665e8,"allocs":1375209,"gc_min":2.7526209e7,"gc_median":5.120075e7,"memory":82413120,"time_min":2.63475208e8},"ipopt_clnlbeam.jl 500":{"time_median":1.35471345425e12,"allocs":80,"gc_min":0.0,"gc_median":0.0,"memory":3472,"time_min":1.35471345425e12},"benchmark_macro_linear_010":{"time_median":5.34198545e7,"allocs":74093,"gc_min":0.0,"gc_median":0.0,"memory":4900032,"time_min":4.2948208e7},"gurobi_lqcp.jl 1000":{"time_median":5.37291798e11,"allocs":81,"gc_min":0.0,"gc_median":0.0,"memory":3456,"time_min":5.37291798e11},"gurobi_lqcp.jl 1500":{"time_median":1.33344436042e11,"allocs":81,"gc_min":0.0,"gc_median":0.0,"memory":3456,"time_min":1.33344436042e11},"benchmark_macro_linear_050":{"time_median":7.526695459e9,"allocs":4913227,"gc_min":3.32060125e8,"gc_median":3.32060125e8,"memory":319168064,"time_min":7.526695459e9},"benchmark_jump_creating_variable_sparse_axis_array":{"time_median":792542.0,"allocs":5136,"gc_min":0.0,"gc_median":0.0,"memory":269648,"time_min":728084.0},"benchmark_dense_axis_constraints_iterate":{"time_median":7.791271e6,"allocs":53652,"gc_min":0.0,"gc_median":0.0,"memory":3030624,"time_min":7.504916e6},"benchmark_print_model_10000":{"time_median":2.7244875e7,"allocs":129970,"gc_min":0.0,"gc_median":0.0,"memory":9462592,"time_min":2.6816209e7},"benchmark_jump_creating_variable_array":{"time_median":1.510625e6,"allocs":10136,"gc_min":0.0,"gc_median":0.0,"memory":583488,"time_min":1.372625e6},"gurobi_facility.jl 50":{"time_median":1.19484351625e11,"allocs":80,"gc_min":0.0,"gc_median":0.0,"memory":3472,"time_min":1.19484351625e11},"inverse_ising_expr.jl rple":{"time_median":4.0752836042e10,"allocs":74,"gc_min":0.0,"gc_median":0.0,"memory":3168,"time_min":4.0752836042e10},"inverse_ising_expr.jl rise":{"time_median":4.0894130708e10,"allocs":75,"gc_min":0.0,"gc_median":0.0,"memory":3472,"time_min":4.0894130708e10},"benchmark_matrix_sum_050":{"time_median":3.4686875e6,"allocs":22665,"gc_min":0.0,"gc_median":0.0,"memory":1475872,"time_min":3.234875e6},"benchmark_sparse_axis_constraints_iterate":{"time_median":5.3179165e6,"allocs":36735,"gc_min":0.0,"gc_median":0.0,"memory":2278480,"time_min":5.02575e6},"benchmark_ipopt_fractional_power":{"time_median":1.1061021e7,"allocs":1769,"gc_min":0.0,"gc_median":0.0,"memory":94800,"time_min":1.0477583e7},"gurobi_facility.jl 25":{"time_median":2.29869232875e11,"allocs":80,"gc_min":0.0,"gc_median":0.0,"memory":3472,"time_min":2.29869232875e11},"benchmark_matrix_sum_010":{"time_median":153459.0,"allocs":1035,"gc_min":0.0,"gc_median":0.0,"memory":70992,"time_min":140541.0},"power_models_opf_acp.jl pglib_opf_case5_pjm":{"time_median":1.06044532375e11,"allocs":74,"gc_min":0.0,"gc_median":0.0,"memory":3168,"time_min":1.06044532375e11},"inverse_ising_register.jl rise":{"time_median":5.200985025e10,"allocs":74,"gc_min":0.0,"gc_median":0.0,"memory":3168,"time_min":5.200985025e10},"ipopt_clnlbeam.jl 50":{"time_median":4.15309257791e11,"allocs":80,"gc_min":0.0,"gc_median":0.0,"memory":3472,"time_min":4.15309257791e11},"benchmark_matrix_affine_product_010":{"time_median":475375.0,"allocs":2006,"gc_min":0.0,"gc_median":0.0,"memory":231136,"time_min":416125.0},"ipopt_clnlbeam.jl 5":{"time_median":3.9003953875e10,"allocs":80,"gc_min":0.0,"gc_median":0.0,"memory":3472,"time_min":3.9003953875e10}}