{"benchmark_p_median":{"time_median":4.279418334e9,"allocs":8661755,"gc_min":1.197431875e9,"gc_median":1.197431875e9,"memory":733717459,"time_min":4.279418334e9},"gurobi_facility.jl 75":{"time_median":2.064451075542e12,"allocs":465,"gc_min":0.0,"gc_median":0.0,"memory":21776,"time_min":2.064451075542e12},"inverse_ising_register.jl logrise":{"time_median":9.8467653175e11,"allocs":74,"gc_min":0.0,"gc_median":0.0,"memory":3168,"time_min":9.8467653175e11},"benchmark_print_AffExpr":{"time_median":292583.0,"allocs":1386,"gc_min":0.0,"gc_median":0.0,"memory":95120,"time_min":259125.0},"benchmark_vector_sum_010":{"time_median":24680.666666666668,"allocs":192,"gc_min":0.0,"gc_median":0.0,"memory":16304,"time_min":21638.666666666668},"gurobi_lqcp.jl 2000":{"time_median":1.032365768209e12,"allocs":81,"gc_min":0.0,"gc_median":0.0,"memory":3456,"time_min":1.032365768209e12},"benchmark_print_small_model":{"time_median":583125.0,"allocs":2722,"gc_min":0.0,"gc_median":0.0,"memory":185968,"time_min":509708.0},"benchmark_matrix_quadratic_product_010":{"time_median":3.8001665e6,"allocs":3607,"gc_min":0.0,"gc_median":0.0,"memory":1059232,"time_min":3.427375e6},"benchmark_sparse_axis_constraints_index":{"time_median":1.018605950875e12,"allocs":6690446,"gc_min":3.28505581e8,"gc_median":3.28505581e8,"memory":552706860,"time_min":1.018605950875e12},"inverse_ising_expr.jl logrise":{"time_median":4.1023139833e10,"allocs":74,"gc_min":0.0,"gc_median":0.0,"memory":3168,"time_min":4.1023139833e10},"benchmark_macro_quad_010":{"time_median":4.82687915375e11,"allocs":686672,"gc_min":2.9592209e7,"gc_median":2.9592209e7,"memory":46052055,"time_min":4.82687915375e11},"gurobi_lqcp.jl 500":{"time_median":4.0838267e10,"allocs":80,"gc_min":0.0,"gc_median":0.0,"memory":3440,"time_min":4.0838267e10},"ipopt_jump_2788.jl 800":{"time_median":7.49549655e10,"allocs":81,"gc_min":0.0,"gc_median":0.0,"memory":3488,"time_min":7.49549655e10},"benchmark_jump_creating_variable_dense_axis_array":{"time_median":1.494792e6,"allocs":10137,"gc_min":0.0,"gc_median":0.0,"memory":583536,"time_min":1.395916e6},"ipopt_jump_2788.jl 200":{"time_median":1.047478588042e12,"allocs":80,"gc_min":0.0,"gc_median":0.0,"memory":3472,"time_min":1.047478588042e12},"inverse_ising_register.jl rple":{"time_median":1.97873361375e11,"allocs":74,"gc_min":0.0,"gc_median":0.0,"memory":3168,"time_min":1.97873361375e11},"benchmark_matrix_affine_product_050":{"time_median":4.9040167e7,"allocs":57626,"gc_min":0.0,"gc_median":0.0,"memory":19987344,"time_min":4.5785417e7},"benchmark_array_sum_010":{"time_median":1.552375e6,"allocs":11156,"gc_min":0.0,"gc_median":0.0,"memory":763808,"time_min":1.482625e6},"ipopt_jump_2788.jl 400":{"time_median":3.9935580334e10,"allocs":80,"gc_min":0.0,"gc_median":0.0,"memory":3472,"time_min":3.9935580334e10},"benchmark_value_nonlinear_expression":{"time_median":1.8487784042e10,"allocs":11199746,"gc_min":1.72990508e9,"gc_median":1.72990508e9,"memory":1891410610,"time_min":1.8487784042e10},"benchmark_macro_quad_050":{"time_median":1.0447070625e10,"allocs":24121929,"gc_min":5.17174162e8,"gc_median":5.17174162e8,"memory":2049127040,"time_min":1.0447070625e10},"benchmark_jump_creating_model":{"time_median":7912.0,"allocs":88,"gc_min":0.0,"gc_median":0.0,"memory":9264,"time_min":7037.0},"benchmark_matrix_quadratic_product_050":{"time_median":2.382613375e9,"allocs":117628,"gc_min":4.45227708e8,"gc_median":4.86717833e8,"memory":495967424,"time_min":2.34884e9},"benchmark_dense_axis_constraints_index":{"time_median":7.7423125e6,"allocs":53652,"gc_min":0.0,"gc_median":0.0,"memory":3030624,"time_min":7.091167e6},"gurobi_facility.jl 100":{"time_median":2.81196706792e11,"allocs":80,"gc_min":0.0,"gc_median":0.0,"memory":3472,"time_min":2.81196706792e11},"benchmark_print_model":{"time_median":318708.0,"allocs":1434,"gc_min":0.0,"gc_median":0.0,"memory":101840,"time_min":284417.0},"benchmark_jump_creating_small_constraints":{"time_median":1.066119854e9,"allocs":3697476,"gc_min":2.76031168e8,"gc_median":3.413178955e8,"memory":275222944,"time_min":1.028732041e9},"power_models_opf_acr.jl pglib_opf_case5_pjm":{"time_median":1.28057150833e11,"allocs":74,"gc_min":0.0,"gc_median":0.0,"memory":3168,"time_min":1.28057150833e11},"benchmark_vector_sum_050":{"time_median":78875.0,"allocs":485,"gc_min":0.0,"gc_median":0.0,"memory":44656,"time_min":69666.0},"benchmark_array_sum_050":{"time_median":2.849240005e8,"allocs":1375209,"gc_min":2.7212125e7,"gc_median":5.15720415e7,"memory":82413120,"time_min":2.58097125e8},"ipopt_clnlbeam.jl 500":{"time_median":2.15531619625e11,"allocs":80,"gc_min":0.0,"gc_median":0.0,"memory":3472,"time_min":2.15531619625e11},"benchmark_macro_linear_010":{"time_median":5.1244209e7,"allocs":74093,"gc_min":0.0,"gc_median":0.0,"memory":4900032,"time_min":4.6336667e7},"gurobi_lqcp.jl 1000":{"time_median":7.1003482958e10,"allocs":81,"gc_min":0.0,"gc_median":0.0,"memory":3456,"time_min":7.1003482958e10},"gurobi_lqcp.jl 1500":{"time_median":1.45946685375e11,"allocs":81,"gc_min":0.0,"gc_median":0.0,"memory":3456,"time_min":1.45946685375e11},"benchmark_macro_linear_050":{"time_median":7.179046208e9,"allocs":4913227,"gc_min":3.36290709e8,"gc_median":3.36290709e8,"memory":319168064,"time_min":7.179046208e9},"benchmark_jump_creating_variable_sparse_axis_array":{"time_median":802749.5,"allocs":5136,"gc_min":0.0,"gc_median":0.0,"memory":269648,"time_min":732000.0},"benchmark_dense_axis_constraints_iterate":{"time_median":7.753042e6,"allocs":53652,"gc_min":0.0,"gc_median":0.0,"memory":3030624,"time_min":7.499584e6},"benchmark_print_model_10000":{"time_median":2.5997458e7,"allocs":129970,"gc_min":0.0,"gc_median":0.0,"memory":9462592,"time_min":2.4597209e7},"benchmark_jump_creating_variable_array":{"time_median":1.51e6,"allocs":10136,"gc_min":0.0,"gc_median":0.0,"memory":583488,"time_min":1.422708e6},"gurobi_facility.jl 50":{"time_median":1.64216483708e11,"allocs":80,"gc_min":0.0,"gc_median":0.0,"memory":3472,"time_min":1.64216483708e11},"inverse_ising_expr.jl rple":{"time_median":4.0868874083e10,"allocs":74,"gc_min":0.0,"gc_median":0.0,"memory":3168,"time_min":4.0868874083e10},"inverse_ising_expr.jl rise":{"time_median":6.6835751292e10,"allocs":75,"gc_min":0.0,"gc_median":0.0,"memory":3472,"time_min":6.6835751292e10},"benchmark_matrix_sum_050":{"time_median":3.389771e6,"allocs":22665,"gc_min":0.0,"gc_median":0.0,"memory":1475872,"time_min":3.21325e6},"benchmark_sparse_axis_constraints_iterate":{"time_median":5.295916e6,"allocs":36735,"gc_min":0.0,"gc_median":0.0,"memory":2278480,"time_min":4.747792e6},"benchmark_ipopt_fractional_power":{"time_median":1.08606045e7,"allocs":1769,"gc_min":0.0,"gc_median":0.0,"memory":94800,"time_min":1.0597042e7},"gurobi_facility.jl 25":{"time_median":3.7119675542e10,"allocs":80,"gc_min":0.0,"gc_median":0.0,"memory":3472,"time_min":3.7119675542e10},"benchmark_matrix_sum_010":{"time_median":149917.0,"allocs":1035,"gc_min":0.0,"gc_median":0.0,"memory":70992,"time_min":135958.0},"power_models_opf_acp.jl pglib_opf_case5_pjm":{"time_median":8.202058725e10,"allocs":74,"gc_min":0.0,"gc_median":0.0,"memory":3168,"time_min":8.202058725e10},"inverse_ising_register.jl rise":{"time_median":4.08721383125e11,"allocs":74,"gc_min":0.0,"gc_median":0.0,"memory":3168,"time_min":4.08721383125e11},"ipopt_clnlbeam.jl 50":{"time_median":6.7268453375e10,"allocs":80,"gc_min":0.0,"gc_median":0.0,"memory":3472,"time_min":6.7268453375e10},"benchmark_matrix_affine_product_010":{"time_median":454834.0,"allocs":2006,"gc_min":0.0,"gc_median":0.0,"memory":231136,"time_min":410583.0},"ipopt_clnlbeam.jl 5":{"time_median":4.14063295e10,"allocs":80,"gc_min":0.0,"gc_median":0.0,"memory":3472,"time_min":4.14063295e10}}