{"benchmark_p_median":{"time_median":8.54769041e8,"allocs":8013978,"gc_min":1.06656167e8,"gc_median":2.43458959e8,"memory":696257392,"time_min":7.51596958e8},"gurobi_facility.jl 75":{"time_median":2.2855151292e10,"allocs":465,"gc_min":0.0,"gc_median":0.0,"memory":21776,"time_min":2.2855151292e10},"inverse_ising_register.jl logrise":{"time_median":1.2585519542e10,"allocs":74,"gc_min":0.0,"gc_median":0.0,"memory":3168,"time_min":1.2585519542e10},"benchmark_print_AffExpr":{"time_median":100291.0,"allocs":1386,"gc_min":0.0,"gc_median":0.0,"memory":95120,"time_min":98209.0},"benchmark_vector_sum_010":{"time_median":8333.333333333334,"allocs":192,"gc_min":0.0,"gc_median":0.0,"memory":16304,"time_min":8014.0},"gurobi_lqcp.jl 2000":{"time_median":4.4993815875e10,"allocs":81,"gc_min":0.0,"gc_median":0.0,"memory":3456,"time_min":4.4993815875e10},"benchmark_print_small_model":{"time_median":187750.0,"allocs":2723,"gc_min":0.0,"gc_median":0.0,"memory":186016,"time_min":184000.0},"benchmark_matrix_quadratic_product_010":{"time_median":1.353417e6,"allocs":3607,"gc_min":0.0,"gc_median":0.0,"memory":1059232,"time_min":1.334666e6},"benchmark_sparse_axis_constraints_index":{"time_median":1.906354e6,"allocs":36735,"gc_min":0.0,"gc_median":0.0,"memory":2278480,"time_min":1.836459e6},"inverse_ising_expr.jl logrise":{"time_median":1.2458939458e10,"allocs":74,"gc_min":0.0,"gc_median":0.0,"memory":3168,"time_min":1.2458939458e10},"benchmark_macro_quad_010":{"time_median":2.10614795e7,"allocs":204293,"gc_min":0.0,"gc_median":0.0,"memory":17176832,"time_min":2.090525e7},"gurobi_lqcp.jl 500":{"time_median":1.1395081084e10,"allocs":80,"gc_min":0.0,"gc_median":0.0,"memory":3440,"time_min":1.1395081084e10},"ipopt_jump_2788.jl 800":{"time_median":1.2104984833e10,"allocs":81,"gc_min":0.0,"gc_median":0.0,"memory":3488,"time_min":1.2104984833e10},"benchmark_jump_creating_variable_dense_axis_array":{"time_median":572916.0,"allocs":10137,"gc_min":0.0,"gc_median":0.0,"memory":583536,"time_min":563833.0},"ipopt_jump_2788.jl 200":{"time_median":1.1358603334e10,"allocs":80,"gc_min":0.0,"gc_median":0.0,"memory":3472,"time_min":1.1358603334e10},"inverse_ising_register.jl rple":{"time_median":1.2495420208e10,"allocs":74,"gc_min":0.0,"gc_median":0.0,"memory":3168,"time_min":1.2495420208e10},"benchmark_matrix_affine_product_050":{"time_median":1.7100167e7,"allocs":57626,"gc_min":0.0,"gc_median":0.0,"memory":19987344,"time_min":1.581675e7},"benchmark_array_sum_010":{"time_median":574917.0,"allocs":11156,"gc_min":0.0,"gc_median":0.0,"memory":763808,"time_min":565042.0},"ipopt_jump_2788.jl 400":{"time_median":1.2017883083e10,"allocs":80,"gc_min":0.0,"gc_median":0.0,"memory":3472,"time_min":1.2017883083e10},"benchmark_value_nonlinear_expression":{"time_median":5.67377725e9,"allocs":13847491,"gc_min":2.5727796e8,"gc_median":2.5727796e8,"memory":936209391,"time_min":5.67377725e9},"benchmark_macro_quad_050":{"time_median":3.166944979e9,"allocs":24121929,"gc_min":1.44054752e8,"gc_median":2.256710845e8,"memory":2049127040,"time_min":3.09349025e9},"benchmark_jump_creating_model":{"time_median":2648.1111111111113,"allocs":88,"gc_min":0.0,"gc_median":0.0,"memory":9264,"time_min":2518.5555555555557},"benchmark_matrix_quadratic_product_050":{"time_median":7.81894417e8,"allocs":117628,"gc_min":4.4413959e7,"gc_median":1.07949167e8,"memory":495967424,"time_min":7.07195167e8},"benchmark_dense_axis_constraints_index":{"time_median":2.680208e6,"allocs":53652,"gc_min":0.0,"gc_median":0.0,"memory":3030624,"time_min":2.650875e6},"gurobi_facility.jl 100":{"time_median":4.1520760375e10,"allocs":80,"gc_min":0.0,"gc_median":0.0,"memory":3472,"time_min":4.1520760375e10},"benchmark_print_model":{"time_median":106875.0,"allocs":1435,"gc_min":0.0,"gc_median":0.0,"memory":101888,"time_min":104792.0},"benchmark_jump_creating_small_constraints":{"time_median":2.901685205e8,"allocs":3697476,"gc_min":4.1918209e7,"gc_median":6.3280729e7,"memory":275222944,"time_min":2.6861075e8},"power_models_opf_acr.jl pglib_opf_case5_pjm":{"time_median":2.0536086458e10,"allocs":74,"gc_min":0.0,"gc_median":0.0,"memory":3168,"time_min":2.0536086458e10},"benchmark_vector_sum_050":{"time_median":28542.0,"allocs":485,"gc_min":0.0,"gc_median":0.0,"memory":44656,"time_min":27250.0},"benchmark_array_sum_050":{"time_median":8.8903333e7,"allocs":1375209,"gc_min":5.087375e6,"gc_median":1.1794542e7,"memory":82413120,"time_min":8.1964042e7},"ipopt_clnlbeam.jl 500":{"time_median":4.248542825e10,"allocs":80,"gc_min":0.0,"gc_median":0.0,"memory":3472,"time_min":4.248542825e10},"benchmark_macro_linear_010":{"time_median":1.36347295e7,"allocs":74093,"gc_min":0.0,"gc_median":0.0,"memory":4900032,"time_min":1.3567167e7},"gurobi_lqcp.jl 1000":{"time_median":1.7168178375e10,"allocs":81,"gc_min":0.0,"gc_median":0.0,"memory":3456,"time_min":1.7168178375e10},"gurobi_lqcp.jl 1500":{"time_median":2.7178886584e10,"allocs":81,"gc_min":0.0,"gc_median":0.0,"memory":3456,"time_min":2.7178886584e10},"benchmark_macro_linear_050":{"time_median":1.817818334e9,"allocs":4913227,"gc_min":4.6591334e7,"gc_median":5.4492542e7,"memory":319168064,"time_min":1.801616041e9},"benchmark_jump_creating_variable_sparse_axis_array":{"time_median":299979.5,"allocs":5136,"gc_min":0.0,"gc_median":0.0,"memory":269648,"time_min":294958.0},"benchmark_dense_axis_constraints_iterate":{"time_median":2.680958e6,"allocs":53652,"gc_min":0.0,"gc_median":0.0,"memory":3030624,"time_min":2.657666e6},"benchmark_print_model_10000":{"time_median":9.569583e6,"allocs":129971,"gc_min":0.0,"gc_median":0.0,"memory":9462640,"time_min":9.493958e6},"benchmark_jump_creating_variable_array":{"time_median":571666.0,"allocs":10136,"gc_min":0.0,"gc_median":0.0,"memory":583488,"time_min":563292.0},"gurobi_facility.jl 50":{"time_median":1.3532315375e10,"allocs":80,"gc_min":0.0,"gc_median":0.0,"memory":3472,"time_min":1.3532315375e10},"inverse_ising_expr.jl rple":{"time_median":1.2163227334e10,"allocs":74,"gc_min":0.0,"gc_median":0.0,"memory":3168,"time_min":1.2163227334e10},"inverse_ising_expr.jl rise":{"time_median":1.21338675e10,"allocs":75,"gc_min":0.0,"gc_median":0.0,"memory":3472,"time_min":1.21338675e10},"benchmark_matrix_sum_050":{"time_median":1.277125e6,"allocs":22665,"gc_min":0.0,"gc_median":0.0,"memory":1475872,"time_min":1.254625e6},"benchmark_sparse_axis_constraints_iterate":{"time_median":1.807958e6,"allocs":36735,"gc_min":0.0,"gc_median":0.0,"memory":2278480,"time_min":1.783875e6},"benchmark_ipopt_fractional_power":{"time_median":3.58275e6,"allocs":2476,"gc_min":0.0,"gc_median":0.0,"memory":116848,"time_min":3.498542e6},"gurobi_facility.jl 25":{"time_median":1.0568379375e10,"allocs":80,"gc_min":0.0,"gc_median":0.0,"memory":3472,"time_min":1.0568379375e10},"benchmark_matrix_sum_010":{"time_median":55875.0,"allocs":1035,"gc_min":0.0,"gc_median":0.0,"memory":70992,"time_min":54167.0},"power_models_opf_acp.jl pglib_opf_case5_pjm":{"time_median":2.2881858542e10,"allocs":74,"gc_min":0.0,"gc_median":0.0,"memory":3168,"time_min":2.2881858542e10},"inverse_ising_register.jl rise":{"time_median":1.2531105375e10,"allocs":74,"gc_min":0.0,"gc_median":0.0,"memory":3168,"time_min":1.2531105375e10},"ipopt_clnlbeam.jl 50":{"time_median":1.448596375e10,"allocs":80,"gc_min":0.0,"gc_median":0.0,"memory":3472,"time_min":1.448596375e10},"benchmark_matrix_affine_product_010":{"time_median":160459.0,"allocs":2006,"gc_min":0.0,"gc_median":0.0,"memory":231136,"time_min":158250.0},"ipopt_clnlbeam.jl 5":{"time_median":1.1634159667e10,"allocs":80,"gc_min":0.0,"gc_median":0.0,"memory":3472,"time_min":1.1634159667e10}}