{"benchmark_p_median":{"time_median":7.365584165e8,"allocs":8013978,"gc_min":1.00485501e8,"gc_median":1.27695459e8,"memory":696257376,"time_min":6.87085666e8},"gurobi_facility.jl 75":{"time_median":2.2762164291e10,"allocs":465,"gc_min":0.0,"gc_median":0.0,"memory":21776,"time_min":2.2762164291e10},"benchmark_print_AffExpr":{"time_median":100958.0,"allocs":1386,"gc_min":0.0,"gc_median":0.0,"memory":95104,"time_min":98625.0},"benchmark_vector_sum_010":{"time_median":8500.0,"allocs":192,"gc_min":0.0,"gc_median":0.0,"memory":16288,"time_min":8000.0},"gurobi_lqcp.jl 2000":{"time_median":4.9186007459e10,"allocs":81,"gc_min":0.0,"gc_median":0.0,"memory":3456,"time_min":4.9186007459e10},"benchmark_print_small_model":{"time_median":189083.0,"allocs":2722,"gc_min":0.0,"gc_median":0.0,"memory":185952,"time_min":184917.0},"benchmark_matrix_quadratic_product_010":{"time_median":1.326083e6,"allocs":3607,"gc_min":0.0,"gc_median":0.0,"memory":1059216,"time_min":1.31225e6},"benchmark_sparse_axis_constraints_index":{"time_median":1.86875e6,"allocs":39232,"gc_min":0.0,"gc_median":0.0,"memory":2867776,"time_min":1.819334e6},"benchmark_macro_quad_010":{"time_median":2.0742459e7,"allocs":204293,"gc_min":0.0,"gc_median":0.0,"memory":17176816,"time_min":2.0588875e7},"gurobi_lqcp.jl 500":{"time_median":1.2105977917e10,"allocs":80,"gc_min":0.0,"gc_median":0.0,"memory":3440,"time_min":1.2105977917e10},"ipopt_jump_2788.jl 800":{"time_median":1.21073225e10,"allocs":81,"gc_min":0.0,"gc_median":0.0,"memory":3488,"time_min":1.21073225e10},"benchmark_jump_creating_variable_dense_axis_array":{"time_median":595417.0,"allocs":10137,"gc_min":0.0,"gc_median":0.0,"memory":583520,"time_min":585583.0},"ipopt_jump_2788.jl 200":{"time_median":1.1308317667e10,"allocs":80,"gc_min":0.0,"gc_median":0.0,"memory":3472,"time_min":1.1308317667e10},"benchmark_matrix_affine_product_050":{"time_median":1.62999585e7,"allocs":57626,"gc_min":0.0,"gc_median":0.0,"memory":19987328,"time_min":1.5413167e7},"benchmark_array_sum_010":{"time_median":577750.0,"allocs":11156,"gc_min":0.0,"gc_median":0.0,"memory":763792,"time_min":569792.0},"ipopt_jump_2788.jl 400":{"time_median":1.2124713083e10,"allocs":80,"gc_min":0.0,"gc_median":0.0,"memory":3472,"time_min":1.2124713083e10},"benchmark_value_nonlinear_expression":{"time_median":5.315721417e9,"allocs":11307036,"gc_min":2.61323833e8,"gc_median":2.61323833e8,"memory":1897403283,"time_min":5.315721417e9},"benchmark_macro_quad_050":{"time_median":3.073622104e9,"allocs":24121929,"gc_min":1.43410831e8,"gc_median":2.18769e8,"memory":2049127024,"time_min":3.001432667e9},"benchmark_jump_creating_model":{"time_median":2615.6666666666665,"allocs":88,"gc_min":0.0,"gc_median":0.0,"memory":9248,"time_min":2490.777777777778},"benchmark_matrix_quadratic_product_050":{"time_median":7.82544042e8,"allocs":117628,"gc_min":1.01179084e8,"gc_median":1.20841666e8,"memory":495967408,"time_min":7.61099875e8},"benchmark_dense_axis_constraints_index":{"time_median":2.702084e6,"allocs":58639,"gc_min":0.0,"gc_median":0.0,"memory":4068960,"time_min":2.670542e6},"gurobi_facility.jl 100":{"time_median":4.2904202542e10,"allocs":80,"gc_min":0.0,"gc_median":0.0,"memory":3472,"time_min":4.2904202542e10},"benchmark_print_model":{"time_median":106895.5,"allocs":1434,"gc_min":0.0,"gc_median":0.0,"memory":101824,"time_min":104666.0},"benchmark_jump_creating_small_constraints":{"time_median":2.97273729e8,"allocs":3697476,"gc_min":5.3617876e7,"gc_median":7.19497705e7,"memory":275222928,"time_min":2.77195875e8},"benchmark_vector_sum_050":{"time_median":28708.0,"allocs":485,"gc_min":0.0,"gc_median":0.0,"memory":44640,"time_min":27417.0},"benchmark_array_sum_050":{"time_median":9.0239791e7,"allocs":1375209,"gc_min":5.652667e6,"gc_median":1.2137375e7,"memory":82413104,"time_min":8.3793125e7},"ipopt_clnlbeam.jl 500":{"time_median":4.5321728e10,"allocs":80,"gc_min":0.0,"gc_median":0.0,"memory":3472,"time_min":4.5321728e10},"benchmark_macro_linear_010":{"time_median":1.3587458e7,"allocs":74093,"gc_min":0.0,"gc_median":0.0,"memory":4900016,"time_min":1.3521791e7},"gurobi_lqcp.jl 1000":{"time_median":1.9214475916e10,"allocs":81,"gc_min":0.0,"gc_median":0.0,"memory":3456,"time_min":1.9214475916e10},"gurobi_lqcp.jl 1500":{"time_median":2.956885975e10,"allocs":81,"gc_min":0.0,"gc_median":0.0,"memory":3456,"time_min":2.956885975e10},"benchmark_macro_linear_050":{"time_median":1.79859325e9,"allocs":4913227,"gc_min":5.4778124e7,"gc_median":5.5317208e7,"memory":319168048,"time_min":1.795343375e9},"benchmark_jump_creating_variable_sparse_axis_array":{"time_median":312000.0,"allocs":5136,"gc_min":0.0,"gc_median":0.0,"memory":269632,"time_min":307291.0},"benchmark_dense_axis_constraints_iterate":{"time_median":2.70275e6,"allocs":58639,"gc_min":0.0,"gc_median":0.0,"memory":4068960,"time_min":2.673292e6},"benchmark_print_model_10000":{"time_median":9.538312e6,"allocs":129970,"gc_min":0.0,"gc_median":0.0,"memory":9462576,"time_min":9.484625e6},"benchmark_jump_creating_variable_array":{"time_median":595709.0,"allocs":10136,"gc_min":0.0,"gc_median":0.0,"memory":583472,"time_min":586833.0},"gurobi_facility.jl 50":{"time_median":1.4096176458e10,"allocs":80,"gc_min":0.0,"gc_median":0.0,"memory":3472,"time_min":1.4096176458e10},"benchmark_matrix_sum_050":{"time_median":1.300291e6,"allocs":22665,"gc_min":0.0,"gc_median":0.0,"memory":1475856,"time_min":1.283042e6},"benchmark_sparse_axis_constraints_iterate":{"time_median":1.836e6,"allocs":39232,"gc_min":0.0,"gc_median":0.0,"memory":2867776,"time_min":1.81475e6},"gurobi_facility.jl 25":{"time_median":1.0796499833e10,"allocs":80,"gc_min":0.0,"gc_median":0.0,"memory":3472,"time_min":1.0796499833e10},"benchmark_matrix_sum_010":{"time_median":56208.0,"allocs":1035,"gc_min":0.0,"gc_median":0.0,"memory":70976,"time_min":54417.0},"power_models_opf_acp.jl pglib_opf_case5_pjm":{"time_median":2.3083898959e10,"allocs":74,"gc_min":0.0,"gc_median":0.0,"memory":3168,"time_min":2.3083898959e10},"ipopt_clnlbeam.jl 50":{"time_median":1.4362332708e10,"allocs":80,"gc_min":0.0,"gc_median":0.0,"memory":3472,"time_min":1.4362332708e10},"benchmark_matrix_affine_product_010":{"time_median":157833.0,"allocs":2006,"gc_min":0.0,"gc_median":0.0,"memory":231120,"time_min":155666.0},"ipopt_clnlbeam.jl 5":{"time_median":1.1669338625e10,"allocs":80,"gc_min":0.0,"gc_median":0.0,"memory":3472,"time_min":1.1669338625e10}}