{"benchmark_p_median":{"time_median":4.2704885e9,"allocs":8661755,"gc_min":1.205844917e9,"gc_median":1.205844917e9,"memory":733717459,"time_min":4.2704885e9},"gurobi_facility.jl 75":{"time_median":1.00346124459e11,"allocs":465,"gc_min":0.0,"gc_median":0.0,"memory":21776,"time_min":1.00346124459e11},"inverse_ising_register.jl logrise":{"time_median":4.6233114541e10,"allocs":74,"gc_min":0.0,"gc_median":0.0,"memory":3168,"time_min":4.6233114541e10},"benchmark_print_AffExpr":{"time_median":275916.5,"allocs":1386,"gc_min":0.0,"gc_median":0.0,"memory":95120,"time_min":258709.0},"benchmark_vector_sum_010":{"time_median":24208.333333333332,"allocs":192,"gc_min":0.0,"gc_median":0.0,"memory":16304,"time_min":20847.333333333332},"gurobi_lqcp.jl 2000":{"time_median":4.38324791126e11,"allocs":81,"gc_min":0.0,"gc_median":0.0,"memory":3456,"time_min":4.38324791126e11},"benchmark_print_small_model":{"time_median":539083.0,"allocs":2722,"gc_min":0.0,"gc_median":0.0,"memory":185968,"time_min":513625.0},"benchmark_matrix_quadratic_product_010":{"time_median":3.625375e6,"allocs":3607,"gc_min":0.0,"gc_median":0.0,"memory":1059232,"time_min":3.556042e6},"benchmark_sparse_axis_constraints_index":{"time_median":6.808880792e9,"allocs":6690874,"gc_min":3.33007664e8,"gc_median":3.33007664e8,"memory":552728300,"time_min":6.808880792e9},"inverse_ising_expr.jl logrise":{"time_median":4.545515775e10,"allocs":74,"gc_min":0.0,"gc_median":0.0,"memory":3168,"time_min":4.545515775e10},"benchmark_macro_quad_010":{"time_median":6.74088125e7,"allocs":204293,"gc_min":0.0,"gc_median":0.0,"memory":17176832,"time_min":6.5526459e7},"gurobi_lqcp.jl 500":{"time_median":1.38043413208e11,"allocs":80,"gc_min":0.0,"gc_median":0.0,"memory":3440,"time_min":1.38043413208e11},"ipopt_jump_2788.jl 800":{"time_median":4.9121911542e10,"allocs":81,"gc_min":0.0,"gc_median":0.0,"memory":3488,"time_min":4.9121911542e10},"benchmark_jump_creating_variable_dense_axis_array":{"time_median":1.401958e6,"allocs":10137,"gc_min":0.0,"gc_median":0.0,"memory":583536,"time_min":1.340875e6},"ipopt_jump_2788.jl 200":{"time_median":4.7584192333e10,"allocs":80,"gc_min":0.0,"gc_median":0.0,"memory":3472,"time_min":4.7584192333e10},"inverse_ising_register.jl rple":{"time_median":2.48290462708e11,"allocs":74,"gc_min":0.0,"gc_median":0.0,"memory":3168,"time_min":2.48290462708e11},"benchmark_matrix_affine_product_050":{"time_median":4.5846375e7,"allocs":57626,"gc_min":0.0,"gc_median":0.0,"memory":19987344,"time_min":4.1673875e7},"benchmark_array_sum_010":{"time_median":1.492604e6,"allocs":11156,"gc_min":0.0,"gc_median":0.0,"memory":763808,"time_min":1.430875e6},"ipopt_jump_2788.jl 400":{"time_median":4.2879851625e10,"allocs":80,"gc_min":0.0,"gc_median":0.0,"memory":3472,"time_min":4.2879851625e10},"benchmark_value_nonlinear_expression":{"time_median":1.7711929208e10,"allocs":11203618,"gc_min":1.615382709e9,"gc_median":1.615382709e9,"memory":1891636610,"time_min":1.7711929208e10},"benchmark_macro_quad_050":{"time_median":5.0657558542e10,"allocs":24121929,"gc_min":4.98547167e8,"gc_median":4.98547167e8,"memory":2049127040,"time_min":5.0657558542e10},"benchmark_jump_creating_model":{"time_median":7717.555555555556,"allocs":88,"gc_min":0.0,"gc_median":0.0,"memory":9264,"time_min":6838.0},"benchmark_matrix_quadratic_product_050":{"time_median":2.202705917e9,"allocs":117628,"gc_min":4.4854575e8,"gc_median":4.85016458e8,"memory":495967424,"time_min":2.130251834e9},"benchmark_dense_axis_constraints_index":{"time_median":7.356042e6,"allocs":53652,"gc_min":0.0,"gc_median":0.0,"memory":3030624,"time_min":7.198459e6},"gurobi_facility.jl 100":{"time_median":2.13878858e11,"allocs":80,"gc_min":0.0,"gc_median":0.0,"memory":3472,"time_min":2.13878858e11},"benchmark_print_model":{"time_median":299250.0,"allocs":1434,"gc_min":0.0,"gc_median":0.0,"memory":101840,"time_min":281708.0},"benchmark_jump_creating_small_constraints":{"time_median":1.0377675205e9,"allocs":3697476,"gc_min":2.35745375e8,"gc_median":3.42357104e8,"memory":275222944,"time_min":9.52280625e8},"power_models_opf_acr.jl pglib_opf_case5_pjm":{"time_median":7.1439523875e10,"allocs":74,"gc_min":0.0,"gc_median":0.0,"memory":3168,"time_min":7.1439523875e10},"benchmark_vector_sum_050":{"time_median":77125.0,"allocs":485,"gc_min":0.0,"gc_median":0.0,"memory":44656,"time_min":68250.0},"benchmark_array_sum_050":{"time_median":2.79578458e8,"allocs":1375209,"gc_min":2.6665084e7,"gc_median":4.9758916e7,"memory":82413120,"time_min":2.44546959e8},"ipopt_clnlbeam.jl 500":{"time_median":2.32486172e11,"allocs":80,"gc_min":0.0,"gc_median":0.0,"memory":3472,"time_min":2.32486172e11},"benchmark_macro_linear_010":{"time_median":4.33788335e7,"allocs":74093,"gc_min":0.0,"gc_median":0.0,"memory":4900032,"time_min":4.2198333e7},"gurobi_lqcp.jl 1000":{"time_median":9.9947386458e10,"allocs":81,"gc_min":0.0,"gc_median":0.0,"memory":3456,"time_min":9.9947386458e10},"gurobi_lqcp.jl 1500":{"time_median":2.52847585541e11,"allocs":81,"gc_min":0.0,"gc_median":0.0,"memory":3456,"time_min":2.52847585541e11},"benchmark_macro_linear_050":{"time_median":6.175331459e9,"allocs":4913227,"gc_min":3.27112165e8,"gc_median":3.27112165e8,"memory":319168064,"time_min":6.175331459e9},"benchmark_jump_creating_variable_sparse_axis_array":{"time_median":759020.5,"allocs":5136,"gc_min":0.0,"gc_median":0.0,"memory":269648,"time_min":729958.0},"benchmark_dense_axis_constraints_iterate":{"time_median":7.409604e6,"allocs":53652,"gc_min":0.0,"gc_median":0.0,"memory":3030624,"time_min":7.24475e6},"benchmark_print_model_10000":{"time_median":2.5472791e7,"allocs":129970,"gc_min":0.0,"gc_median":0.0,"memory":9462592,"time_min":2.5020417e7},"benchmark_jump_creating_variable_array":{"time_median":1.410625e6,"allocs":10136,"gc_min":0.0,"gc_median":0.0,"memory":583488,"time_min":1.352292e6},"gurobi_facility.jl 50":{"time_median":6.2291069375e10,"allocs":80,"gc_min":0.0,"gc_median":0.0,"memory":3472,"time_min":6.2291069375e10},"inverse_ising_expr.jl rple":{"time_median":4.0460597458e10,"allocs":74,"gc_min":0.0,"gc_median":0.0,"memory":3168,"time_min":4.0460597458e10},"inverse_ising_expr.jl rise":{"time_median":1.2480414775e11,"allocs":75,"gc_min":0.0,"gc_median":0.0,"memory":3472,"time_min":1.2480414775e11},"benchmark_matrix_sum_050":{"time_median":3.255333e6,"allocs":22665,"gc_min":0.0,"gc_median":0.0,"memory":1475872,"time_min":3.167541e6},"benchmark_sparse_axis_constraints_iterate":{"time_median":4.944542e6,"allocs":36735,"gc_min":0.0,"gc_median":0.0,"memory":2278480,"time_min":4.828625e6},"benchmark_ipopt_fractional_power":{"time_median":1.059675e7,"allocs":1769,"gc_min":0.0,"gc_median":0.0,"memory":94800,"time_min":1.0254458e7},"gurobi_facility.jl 25":{"time_median":4.0396685875e10,"allocs":80,"gc_min":0.0,"gc_median":0.0,"memory":3472,"time_min":4.0396685875e10},"benchmark_matrix_sum_010":{"time_median":146167.0,"allocs":1035,"gc_min":0.0,"gc_median":0.0,"memory":70992,"time_min":135167.0},"power_models_opf_acp.jl pglib_opf_case5_pjm":{"time_median":9.665143225e10,"allocs":74,"gc_min":0.0,"gc_median":0.0,"memory":3168,"time_min":9.665143225e10},"inverse_ising_register.jl rise":{"time_median":1.39006945958e11,"allocs":74,"gc_min":0.0,"gc_median":0.0,"memory":3168,"time_min":1.39006945958e11},"ipopt_clnlbeam.jl 50":{"time_median":8.5207661833e10,"allocs":80,"gc_min":0.0,"gc_median":0.0,"memory":3472,"time_min":8.5207661833e10},"benchmark_matrix_affine_product_010":{"time_median":453270.5,"allocs":2006,"gc_min":0.0,"gc_median":0.0,"memory":231136,"time_min":421000.0},"ipopt_clnlbeam.jl 5":{"time_median":3.6813802041e10,"allocs":80,"gc_min":0.0,"gc_median":0.0,"memory":3472,"time_min":3.6813802041e10}}