{"benchmark_p_median":{"time_median":4.2992335e9,"allocs":8661681,"gc_min":1.204504668e9,"gc_median":1.204504668e9,"memory":733712787,"time_min":4.2992335e9},"gurobi_facility.jl 75":{"time_median":1.51263403833e11,"allocs":465,"gc_min":0.0,"gc_median":0.0,"memory":21776,"time_min":1.51263403833e11},"inverse_ising_register.jl logrise":{"time_median":4.5070224166e10,"allocs":74,"gc_min":0.0,"gc_median":0.0,"memory":3168,"time_min":4.5070224166e10},"benchmark_print_AffExpr":{"time_median":276416.0,"allocs":1386,"gc_min":0.0,"gc_median":0.0,"memory":95120,"time_min":259000.0},"benchmark_vector_sum_010":{"time_median":24458.333333333332,"allocs":192,"gc_min":0.0,"gc_median":0.0,"memory":16304,"time_min":21250.0},"gurobi_lqcp.jl 2000":{"time_median":2.10036319792e11,"allocs":81,"gc_min":0.0,"gc_median":0.0,"memory":3456,"time_min":2.10036319792e11},"benchmark_print_small_model":{"time_median":537708.0,"allocs":2722,"gc_min":0.0,"gc_median":0.0,"memory":185968,"time_min":511625.0},"benchmark_matrix_quadratic_product_010":{"time_median":3.7316875e6,"allocs":3607,"gc_min":0.0,"gc_median":0.0,"memory":1059232,"time_min":3.601792e6},"benchmark_sparse_axis_constraints_index":{"time_median":6.811011333e9,"allocs":6687026,"gc_min":3.09028251e8,"gc_median":3.09028251e8,"memory":552467484,"time_min":6.811011333e9},"inverse_ising_expr.jl logrise":{"time_median":1.43642584583e11,"allocs":74,"gc_min":0.0,"gc_median":0.0,"memory":3168,"time_min":1.43642584583e11},"benchmark_macro_quad_010":{"time_median":6.4581875e7,"allocs":204293,"gc_min":0.0,"gc_median":0.0,"memory":17176832,"time_min":6.2804333e7},"gurobi_lqcp.jl 500":{"time_median":3.9892445208e10,"allocs":80,"gc_min":0.0,"gc_median":0.0,"memory":3440,"time_min":3.9892445208e10},"ipopt_jump_2788.jl 800":{"time_median":4.123209e10,"allocs":81,"gc_min":0.0,"gc_median":0.0,"memory":3488,"time_min":4.123209e10},"benchmark_jump_creating_variable_dense_axis_array":{"time_median":1.4225625e6,"allocs":10137,"gc_min":0.0,"gc_median":0.0,"memory":583536,"time_min":1.362e6},"ipopt_jump_2788.jl 200":{"time_median":2.18590324917e11,"allocs":80,"gc_min":0.0,"gc_median":0.0,"memory":3472,"time_min":2.18590324917e11},"inverse_ising_register.jl rple":{"time_median":5.5083284292e10,"allocs":74,"gc_min":0.0,"gc_median":0.0,"memory":3168,"time_min":5.5083284292e10},"benchmark_matrix_affine_product_050":{"time_median":4.7031708e7,"allocs":57626,"gc_min":0.0,"gc_median":0.0,"memory":19987344,"time_min":4.5020458e7},"benchmark_array_sum_010":{"time_median":1.502542e6,"allocs":11156,"gc_min":0.0,"gc_median":0.0,"memory":763808,"time_min":1.427791e6},"ipopt_jump_2788.jl 400":{"time_median":3.9362070834e10,"allocs":80,"gc_min":0.0,"gc_median":0.0,"memory":3472,"time_min":3.9362070834e10},"benchmark_value_nonlinear_expression":{"time_median":1.7703670333e10,"allocs":11201229,"gc_min":1.71110821e9,"gc_median":1.71110821e9,"memory":1891472194,"time_min":1.7703670333e10},"benchmark_macro_quad_050":{"time_median":6.7884952375e10,"allocs":24121929,"gc_min":5.12167915e8,"gc_median":5.12167915e8,"memory":2049127040,"time_min":6.7884952375e10},"benchmark_jump_creating_model":{"time_median":7745.333333333333,"allocs":88,"gc_min":0.0,"gc_median":0.0,"memory":9264,"time_min":6856.444444444444},"benchmark_matrix_quadratic_product_050":{"time_median":2.219492875e9,"allocs":117628,"gc_min":4.34887625e8,"gc_median":4.61250583e8,"memory":495967424,"time_min":2.16350525e9},"benchmark_dense_axis_constraints_index":{"time_median":7.482625e6,"allocs":53652,"gc_min":0.0,"gc_median":0.0,"memory":3030624,"time_min":7.302333e6},"gurobi_facility.jl 100":{"time_median":3.41901384166e11,"allocs":80,"gc_min":0.0,"gc_median":0.0,"memory":3472,"time_min":3.41901384166e11},"benchmark_print_model":{"time_median":302042.0,"allocs":1434,"gc_min":0.0,"gc_median":0.0,"memory":101840,"time_min":280500.0},"benchmark_jump_creating_small_constraints":{"time_median":1.062043458e9,"allocs":3697476,"gc_min":2.43504834e8,"gc_median":3.417385e8,"memory":275222944,"time_min":9.69264625e8},"power_models_opf_acr.jl pglib_opf_case5_pjm":{"time_median":5.42913579875e11,"allocs":74,"gc_min":0.0,"gc_median":0.0,"memory":3168,"time_min":5.42913579875e11},"benchmark_vector_sum_050":{"time_median":79541.0,"allocs":485,"gc_min":0.0,"gc_median":0.0,"memory":44656,"time_min":70000.0},"benchmark_array_sum_050":{"time_median":2.76939479e8,"allocs":1375209,"gc_min":2.657775e7,"gc_median":5.0159438e7,"memory":82413120,"time_min":2.50467458e8},"ipopt_clnlbeam.jl 500":{"time_median":6.99923542292e11,"allocs":80,"gc_min":0.0,"gc_median":0.0,"memory":3472,"time_min":6.99923542292e11},"benchmark_macro_linear_010":{"time_median":3.9149875e7,"allocs":74093,"gc_min":0.0,"gc_median":0.0,"memory":4900032,"time_min":3.8643458e7},"gurobi_lqcp.jl 1000":{"time_median":4.906041775e11,"allocs":81,"gc_min":0.0,"gc_median":0.0,"memory":3456,"time_min":4.906041775e11},"gurobi_lqcp.jl 1500":{"time_median":5.5056776175e11,"allocs":81,"gc_min":0.0,"gc_median":0.0,"memory":3456,"time_min":5.5056776175e11},"benchmark_macro_linear_050":{"time_median":5.637732959e9,"allocs":4913227,"gc_min":3.29771835e8,"gc_median":3.29771835e8,"memory":319168064,"time_min":5.637732959e9},"benchmark_jump_creating_variable_sparse_axis_array":{"time_median":756250.0,"allocs":5136,"gc_min":0.0,"gc_median":0.0,"memory":269648,"time_min":723917.0},"benchmark_dense_axis_constraints_iterate":{"time_median":7.445625e6,"allocs":53652,"gc_min":0.0,"gc_median":0.0,"memory":3030624,"time_min":7.176416e6},"benchmark_print_model_10000":{"time_median":2.597325e7,"allocs":129970,"gc_min":0.0,"gc_median":0.0,"memory":9462592,"time_min":2.5446375e7},"benchmark_jump_creating_variable_array":{"time_median":1.433e6,"allocs":10136,"gc_min":0.0,"gc_median":0.0,"memory":583488,"time_min":1.369666e6},"gurobi_facility.jl 50":{"time_median":5.2235468208e10,"allocs":80,"gc_min":0.0,"gc_median":0.0,"memory":3472,"time_min":5.2235468208e10},"inverse_ising_expr.jl rple":{"time_median":7.2641617083e10,"allocs":74,"gc_min":0.0,"gc_median":0.0,"memory":3168,"time_min":7.2641617083e10},"inverse_ising_expr.jl rise":{"time_median":8.1102277959e10,"allocs":75,"gc_min":0.0,"gc_median":0.0,"memory":3472,"time_min":8.1102277959e10},"benchmark_matrix_sum_050":{"time_median":3.318375e6,"allocs":22665,"gc_min":0.0,"gc_median":0.0,"memory":1475872,"time_min":3.189958e6},"benchmark_sparse_axis_constraints_iterate":{"time_median":5.042979e6,"allocs":36735,"gc_min":0.0,"gc_median":0.0,"memory":2278480,"time_min":4.921916e6},"benchmark_ipopt_fractional_power":{"time_median":1.0536667e7,"allocs":1769,"gc_min":0.0,"gc_median":0.0,"memory":94800,"time_min":1.0256834e7},"gurobi_facility.jl 25":{"time_median":7.19839287792e11,"allocs":80,"gc_min":0.0,"gc_median":0.0,"memory":3472,"time_min":7.19839287792e11},"benchmark_matrix_sum_010":{"time_median":147958.0,"allocs":1035,"gc_min":0.0,"gc_median":0.0,"memory":70992,"time_min":134792.0},"power_models_opf_acp.jl pglib_opf_case5_pjm":{"time_median":9.312717825e10,"allocs":74,"gc_min":0.0,"gc_median":0.0,"memory":3168,"time_min":9.312717825e10},"inverse_ising_register.jl rise":{"time_median":4.0273928458e10,"allocs":74,"gc_min":0.0,"gc_median":0.0,"memory":3168,"time_min":4.0273928458e10},"ipopt_clnlbeam.jl 50":{"time_median":5.0890634375e10,"allocs":80,"gc_min":0.0,"gc_median":0.0,"memory":3472,"time_min":5.0890634375e10},"benchmark_matrix_affine_product_010":{"time_median":467125.0,"allocs":2006,"gc_min":0.0,"gc_median":0.0,"memory":231136,"time_min":413500.0},"ipopt_clnlbeam.jl 5":{"time_median":3.6921693208e10,"allocs":80,"gc_min":0.0,"gc_median":0.0,"memory":3472,"time_min":3.6921693208e10}}