{"benchmark_p_median":{"time_median":4.352251875e9,"allocs":8661744,"gc_min":1.218426125e9,"gc_median":1.218426125e9,"memory":733716707,"time_min":4.352251875e9},"gurobi_facility.jl 75":{"time_median":1.02733561e11,"allocs":465,"gc_min":0.0,"gc_median":0.0,"memory":21776,"time_min":1.02733561e11},"inverse_ising_register.jl logrise":{"time_median":1.02298617675e12,"allocs":74,"gc_min":0.0,"gc_median":0.0,"memory":3168,"time_min":1.02298617675e12},"benchmark_print_AffExpr":{"time_median":279000.0,"allocs":1386,"gc_min":0.0,"gc_median":0.0,"memory":95120,"time_min":260000.0},"benchmark_vector_sum_010":{"time_median":24458.333333333332,"allocs":192,"gc_min":0.0,"gc_median":0.0,"memory":16304,"time_min":20958.333333333332},"gurobi_lqcp.jl 2000":{"time_median":2.192449731209e12,"allocs":81,"gc_min":0.0,"gc_median":0.0,"memory":3456,"time_min":2.192449731209e12},"benchmark_print_small_model":{"time_median":536166.5,"allocs":2722,"gc_min":0.0,"gc_median":0.0,"memory":185968,"time_min":503042.0},"benchmark_matrix_quadratic_product_010":{"time_median":3.978771e6,"allocs":3607,"gc_min":0.0,"gc_median":0.0,"memory":1059232,"time_min":3.885042e6},"benchmark_sparse_axis_constraints_index":{"time_median":6.40936425e9,"allocs":6552270,"gc_min":2.65668501e8,"gc_median":2.65668501e8,"memory":431371280,"time_min":6.40936425e9},"inverse_ising_expr.jl logrise":{"time_median":3.9230980666e10,"allocs":74,"gc_min":0.0,"gc_median":0.0,"memory":3168,"time_min":3.9230980666e10},"benchmark_macro_quad_010":{"time_median":7.3605125e7,"allocs":204293,"gc_min":0.0,"gc_median":0.0,"memory":17176832,"time_min":7.0794e7},"gurobi_lqcp.jl 500":{"time_median":3.9001388917e10,"allocs":80,"gc_min":0.0,"gc_median":0.0,"memory":3440,"time_min":3.9001388917e10},"ipopt_jump_2788.jl 800":{"time_median":3.8605144625e10,"allocs":81,"gc_min":0.0,"gc_median":0.0,"memory":3488,"time_min":3.8605144625e10},"benchmark_jump_creating_variable_dense_axis_array":{"time_median":1.4680625e6,"allocs":10137,"gc_min":0.0,"gc_median":0.0,"memory":583536,"time_min":1.382166e6},"ipopt_jump_2788.jl 200":{"time_median":3.5798652708e10,"allocs":80,"gc_min":0.0,"gc_median":0.0,"memory":3472,"time_min":3.5798652708e10},"inverse_ising_register.jl rple":{"time_median":3.90387208459e11,"allocs":74,"gc_min":0.0,"gc_median":0.0,"memory":3168,"time_min":3.90387208459e11},"benchmark_matrix_affine_product_050":{"time_median":4.9458958e7,"allocs":57626,"gc_min":0.0,"gc_median":0.0,"memory":19987344,"time_min":4.7323958e7},"benchmark_array_sum_010":{"time_median":1.504792e6,"allocs":11156,"gc_min":0.0,"gc_median":0.0,"memory":763808,"time_min":1.425583e6},"ipopt_jump_2788.jl 400":{"time_median":3.26989069125e11,"allocs":80,"gc_min":0.0,"gc_median":0.0,"memory":3472,"time_min":3.26989069125e11},"benchmark_value_nonlinear_expression":{"time_median":2.2312657667e10,"allocs":11265193,"gc_min":1.263146126e9,"gc_median":1.263146126e9,"memory":1895184372,"time_min":2.2312657667e10},"benchmark_macro_quad_050":{"time_median":1.1085321875e10,"allocs":24121929,"gc_min":5.37859125e8,"gc_median":5.37859125e8,"memory":2049127040,"time_min":1.1085321875e10},"benchmark_jump_creating_model":{"time_median":8013.888888888889,"allocs":88,"gc_min":0.0,"gc_median":0.0,"memory":9264,"time_min":6898.111111111111},"benchmark_matrix_quadratic_product_050":{"time_median":2.32055875e9,"allocs":117628,"gc_min":4.26783833e8,"gc_median":4.80967291e8,"memory":495967424,"time_min":2.249088166e9},"benchmark_dense_axis_constraints_index":{"time_median":7.466521e6,"allocs":53652,"gc_min":0.0,"gc_median":0.0,"memory":3030624,"time_min":7.263625e6},"gurobi_facility.jl 100":{"time_median":1.386001086167e12,"allocs":80,"gc_min":0.0,"gc_median":0.0,"memory":3472,"time_min":1.386001086167e12},"benchmark_print_model":{"time_median":308709.0,"allocs":1434,"gc_min":0.0,"gc_median":0.0,"memory":101840,"time_min":288125.0},"benchmark_jump_creating_small_constraints":{"time_median":1.0650545625e9,"allocs":3697476,"gc_min":2.43367917e8,"gc_median":3.326686045e8,"memory":275222944,"time_min":1.000773667e9},"power_models_opf_acr.jl pglib_opf_case5_pjm":{"time_median":1.67814038375e11,"allocs":74,"gc_min":0.0,"gc_median":0.0,"memory":3168,"time_min":1.67814038375e11},"benchmark_vector_sum_050":{"time_median":81584.0,"allocs":485,"gc_min":0.0,"gc_median":0.0,"memory":44656,"time_min":70833.0},"benchmark_array_sum_050":{"time_median":2.802350205e8,"allocs":1375209,"gc_min":2.2986e7,"gc_median":5.82362285e7,"memory":82413120,"time_min":2.49665542e8},"ipopt_clnlbeam.jl 500":{"time_median":7.00081513626e11,"allocs":80,"gc_min":0.0,"gc_median":0.0,"memory":3472,"time_min":7.00081513626e11},"benchmark_macro_linear_010":{"time_median":3.9968375e7,"allocs":74093,"gc_min":0.0,"gc_median":0.0,"memory":4900032,"time_min":3.914225e7},"gurobi_lqcp.jl 1000":{"time_median":8.1163217916e10,"allocs":81,"gc_min":0.0,"gc_median":0.0,"memory":3456,"time_min":8.1163217916e10},"gurobi_lqcp.jl 1500":{"time_median":1.04868785291e11,"allocs":81,"gc_min":0.0,"gc_median":0.0,"memory":3456,"time_min":1.04868785291e11},"benchmark_macro_linear_050":{"time_median":5.7736555e9,"allocs":4913227,"gc_min":3.32424584e8,"gc_median":3.32424584e8,"memory":319168064,"time_min":5.7736555e9},"benchmark_jump_creating_variable_sparse_axis_array":{"time_median":787500.0,"allocs":5136,"gc_min":0.0,"gc_median":0.0,"memory":269648,"time_min":743000.0},"benchmark_dense_axis_constraints_iterate":{"time_median":7.4725415e6,"allocs":53652,"gc_min":0.0,"gc_median":0.0,"memory":3030624,"time_min":7.278791e6},"benchmark_print_model_10000":{"time_median":2.6195812e7,"allocs":129970,"gc_min":0.0,"gc_median":0.0,"memory":9462592,"time_min":2.5216125e7},"benchmark_jump_creating_variable_array":{"time_median":1.464333e6,"allocs":10136,"gc_min":0.0,"gc_median":0.0,"memory":583488,"time_min":1.356042e6},"gurobi_facility.jl 50":{"time_median":6.920915025e10,"allocs":80,"gc_min":0.0,"gc_median":0.0,"memory":3472,"time_min":6.920915025e10},"inverse_ising_expr.jl rple":{"time_median":3.9000722417e10,"allocs":74,"gc_min":0.0,"gc_median":0.0,"memory":3168,"time_min":3.9000722417e10},"inverse_ising_expr.jl rise":{"time_median":4.4455189208e10,"allocs":75,"gc_min":0.0,"gc_median":0.0,"memory":3472,"time_min":4.4455189208e10},"benchmark_matrix_sum_050":{"time_median":3.3237085e6,"allocs":22665,"gc_min":0.0,"gc_median":0.0,"memory":1475872,"time_min":3.168459e6},"benchmark_sparse_axis_constraints_iterate":{"time_median":5.0249995e6,"allocs":36735,"gc_min":0.0,"gc_median":0.0,"memory":2278480,"time_min":4.75925e6},"benchmark_ipopt_fractional_power":{"time_median":1.0567375e7,"allocs":1769,"gc_min":0.0,"gc_median":0.0,"memory":94800,"time_min":1.0386916e7},"gurobi_facility.jl 25":{"time_median":3.5021075e10,"allocs":80,"gc_min":0.0,"gc_median":0.0,"memory":3472,"time_min":3.5021075e10},"benchmark_matrix_sum_010":{"time_median":150166.5,"allocs":1035,"gc_min":0.0,"gc_median":0.0,"memory":70992,"time_min":136583.0},"power_models_opf_acp.jl pglib_opf_case5_pjm":{"time_median":7.8537080584e10,"allocs":74,"gc_min":0.0,"gc_median":0.0,"memory":3168,"time_min":7.8537080584e10},"inverse_ising_register.jl rise":{"time_median":1.39288407792e11,"allocs":74,"gc_min":0.0,"gc_median":0.0,"memory":3168,"time_min":1.39288407792e11},"ipopt_clnlbeam.jl 50":{"time_median":1.47774140833e11,"allocs":80,"gc_min":0.0,"gc_median":0.0,"memory":3472,"time_min":1.47774140833e11},"benchmark_matrix_affine_product_010":{"time_median":479292.0,"allocs":2006,"gc_min":0.0,"gc_median":0.0,"memory":231136,"time_min":421667.0},"ipopt_clnlbeam.jl 5":{"time_median":1.081797141917e12,"allocs":80,"gc_min":0.0,"gc_median":0.0,"memory":3472,"time_min":1.081797141917e12}}