{"benchmark_p_median":{"time_median":7.79241292e8,"allocs":8013978,"gc_min":9.8830001e7,"gc_median":1.28177208e8,"memory":696257376,"time_min":7.23252792e8},"gurobi_facility.jl 75":{"time_median":2.2790100791e10,"allocs":465,"gc_min":0.0,"gc_median":0.0,"memory":21776,"time_min":2.2790100791e10},"benchmark_print_AffExpr":{"time_median":104584.0,"allocs":1386,"gc_min":0.0,"gc_median":0.0,"memory":95104,"time_min":102458.0},"benchmark_vector_sum_010":{"time_median":8625.0,"allocs":192,"gc_min":0.0,"gc_median":0.0,"memory":16288,"time_min":8125.0},"gurobi_lqcp.jl 2000":{"time_median":4.964903375e10,"allocs":81,"gc_min":0.0,"gc_median":0.0,"memory":3456,"time_min":4.964903375e10},"benchmark_print_small_model":{"time_median":202458.0,"allocs":2722,"gc_min":0.0,"gc_median":0.0,"memory":185952,"time_min":188709.0},"benchmark_matrix_quadratic_product_010":{"time_median":1.410333e6,"allocs":3607,"gc_min":0.0,"gc_median":0.0,"memory":1059216,"time_min":1.391083e6},"benchmark_sparse_axis_constraints_index":{"time_median":1.89275e6,"allocs":39232,"gc_min":0.0,"gc_median":0.0,"memory":2867776,"time_min":1.8665e6},"benchmark_macro_quad_010":{"time_median":2.17746455e7,"allocs":204293,"gc_min":0.0,"gc_median":0.0,"memory":17176816,"time_min":2.1637708e7},"gurobi_lqcp.jl 500":{"time_median":1.1630935458e10,"allocs":80,"gc_min":0.0,"gc_median":0.0,"memory":3440,"time_min":1.1630935458e10},"ipopt_jump_2788.jl 800":{"time_median":1.152217925e10,"allocs":81,"gc_min":0.0,"gc_median":0.0,"memory":3488,"time_min":1.152217925e10},"benchmark_jump_creating_variable_dense_axis_array":{"time_median":589437.5,"allocs":10137,"gc_min":0.0,"gc_median":0.0,"memory":583520,"time_min":579000.0},"ipopt_jump_2788.jl 200":{"time_median":1.086444725e10,"allocs":80,"gc_min":0.0,"gc_median":0.0,"memory":3472,"time_min":1.086444725e10},"benchmark_matrix_affine_product_050":{"time_median":1.72615415e7,"allocs":57626,"gc_min":0.0,"gc_median":0.0,"memory":19987328,"time_min":1.6309166e7},"benchmark_array_sum_010":{"time_median":587917.0,"allocs":11156,"gc_min":0.0,"gc_median":0.0,"memory":763792,"time_min":578125.0},"ipopt_jump_2788.jl 400":{"time_median":1.1520758125e10,"allocs":80,"gc_min":0.0,"gc_median":0.0,"memory":3472,"time_min":1.1520758125e10},"benchmark_value_nonlinear_expression":{"time_median":5.311682167e9,"allocs":11317031,"gc_min":2.60218332e8,"gc_median":2.60218332e8,"memory":1898110241,"time_min":5.311682167e9},"benchmark_macro_quad_050":{"time_median":3.2060391875e9,"allocs":24121929,"gc_min":1.39802212e8,"gc_median":2.12521563e8,"memory":2049127024,"time_min":3.1403805e9},"benchmark_jump_creating_model":{"time_median":2662.1111111111113,"allocs":88,"gc_min":0.0,"gc_median":0.0,"memory":9248,"time_min":2546.3333333333335},"benchmark_matrix_quadratic_product_050":{"time_median":8.04095541e8,"allocs":117628,"gc_min":1.02601042e8,"gc_median":1.20780458e8,"memory":495967408,"time_min":7.96365333e8},"benchmark_dense_axis_constraints_index":{"time_median":2.786333e6,"allocs":58639,"gc_min":0.0,"gc_median":0.0,"memory":4068960,"time_min":2.751625e6},"gurobi_facility.jl 100":{"time_median":4.2971329042e10,"allocs":80,"gc_min":0.0,"gc_median":0.0,"memory":3472,"time_min":4.2971329042e10},"benchmark_print_model":{"time_median":109959.0,"allocs":1434,"gc_min":0.0,"gc_median":0.0,"memory":101824,"time_min":107625.0},"benchmark_jump_creating_small_constraints":{"time_median":2.99188292e8,"allocs":3697476,"gc_min":4.7006125e7,"gc_median":6.71414365e7,"memory":275222928,"time_min":2.72886334e8},"benchmark_vector_sum_050":{"time_median":29333.0,"allocs":485,"gc_min":0.0,"gc_median":0.0,"memory":44640,"time_min":28041.0},"benchmark_array_sum_050":{"time_median":9.1000667e7,"allocs":1375209,"gc_min":5.498292e6,"gc_median":1.1835396e7,"memory":82413104,"time_min":8.4717167e7},"ipopt_clnlbeam.jl 500":{"time_median":4.1351129041e10,"allocs":80,"gc_min":0.0,"gc_median":0.0,"memory":3472,"time_min":4.1351129041e10},"benchmark_macro_linear_010":{"time_median":1.43920205e7,"allocs":74093,"gc_min":0.0,"gc_median":0.0,"memory":4900016,"time_min":1.4330167e7},"gurobi_lqcp.jl 1000":{"time_median":1.8284000667e10,"allocs":81,"gc_min":0.0,"gc_median":0.0,"memory":3456,"time_min":1.8284000667e10},"gurobi_lqcp.jl 1500":{"time_median":2.8786548625e10,"allocs":81,"gc_min":0.0,"gc_median":0.0,"memory":3456,"time_min":2.8786548625e10},"benchmark_macro_linear_050":{"time_median":1.911302625e9,"allocs":4913227,"gc_min":5.4260292e7,"gc_median":5.4275624e7,"memory":319168048,"time_min":1.90323425e9},"benchmark_jump_creating_variable_sparse_axis_array":{"time_median":304417.0,"allocs":5136,"gc_min":0.0,"gc_median":0.0,"memory":269632,"time_min":298959.0},"benchmark_dense_axis_constraints_iterate":{"time_median":2.787833e6,"allocs":58639,"gc_min":0.0,"gc_median":0.0,"memory":4068960,"time_min":2.755458e6},"benchmark_print_model_10000":{"time_median":9.788875e6,"allocs":129970,"gc_min":0.0,"gc_median":0.0,"memory":9462576,"time_min":9.717041e6},"benchmark_jump_creating_variable_array":{"time_median":580000.0,"allocs":10136,"gc_min":0.0,"gc_median":0.0,"memory":583472,"time_min":569667.0},"gurobi_facility.jl 50":{"time_median":1.3659309083e10,"allocs":80,"gc_min":0.0,"gc_median":0.0,"memory":3472,"time_min":1.3659309083e10},"benchmark_matrix_sum_050":{"time_median":1.3123125e6,"allocs":22665,"gc_min":0.0,"gc_median":0.0,"memory":1475856,"time_min":1.285708e6},"benchmark_sparse_axis_constraints_iterate":{"time_median":1.882875e6,"allocs":39232,"gc_min":0.0,"gc_median":0.0,"memory":2867776,"time_min":1.858416e6},"gurobi_facility.jl 25":{"time_median":1.0380992375e10,"allocs":80,"gc_min":0.0,"gc_median":0.0,"memory":3472,"time_min":1.0380992375e10},"benchmark_matrix_sum_010":{"time_median":57208.0,"allocs":1035,"gc_min":0.0,"gc_median":0.0,"memory":70976,"time_min":55583.0},"power_models_opf_acp.jl pglib_opf_case5_pjm":{"time_median":2.2520155042e10,"allocs":74,"gc_min":0.0,"gc_median":0.0,"memory":3168,"time_min":2.2520155042e10},"ipopt_clnlbeam.jl 50":{"time_median":1.385589825e10,"allocs":80,"gc_min":0.0,"gc_median":0.0,"memory":3472,"time_min":1.385589825e10},"benchmark_matrix_affine_product_010":{"time_median":163125.0,"allocs":2006,"gc_min":0.0,"gc_median":0.0,"memory":231120,"time_min":160542.0},"ipopt_clnlbeam.jl 5":{"time_median":1.1157924125e10,"allocs":80,"gc_min":0.0,"gc_median":0.0,"memory":3472,"time_min":1.1157924125e10}}