{"benchmark_p_median":{"time_median":7.944522505e8,"allocs":8013978,"gc_min":1.14843458e8,"gc_median":1.71305145e8,"memory":696257376,"time_min":7.48841709e8},"gurobi_facility.jl 75":{"time_median":2.2958815042e10,"allocs":465,"gc_min":0.0,"gc_median":0.0,"memory":21776,"time_min":2.2958815042e10},"benchmark_print_AffExpr":{"time_median":101541.0,"allocs":1386,"gc_min":0.0,"gc_median":0.0,"memory":95104,"time_min":98833.0},"benchmark_vector_sum_010":{"time_median":8416.0,"allocs":192,"gc_min":0.0,"gc_median":0.0,"memory":16288,"time_min":7917.0},"gurobi_lqcp.jl 2000":{"time_median":4.86455015e10,"allocs":81,"gc_min":0.0,"gc_median":0.0,"memory":3456,"time_min":4.86455015e10},"benchmark_print_small_model":{"time_median":193209.0,"allocs":2722,"gc_min":0.0,"gc_median":0.0,"memory":185952,"time_min":189791.0},"benchmark_matrix_quadratic_product_010":{"time_median":1.316458e6,"allocs":3607,"gc_min":0.0,"gc_median":0.0,"memory":1059216,"time_min":1.300416e6},"benchmark_sparse_axis_constraints_index":{"time_median":1.831979e6,"allocs":39227,"gc_min":0.0,"gc_median":0.0,"memory":2797856,"time_min":1.809041e6},"benchmark_macro_quad_010":{"time_median":2.0250959e7,"allocs":204293,"gc_min":0.0,"gc_median":0.0,"memory":17176816,"time_min":2.0088916e7},"gurobi_lqcp.jl 500":{"time_median":1.1736182625e10,"allocs":80,"gc_min":0.0,"gc_median":0.0,"memory":3440,"time_min":1.1736182625e10},"ipopt_jump_2788.jl 800":{"time_median":1.1646020042e10,"allocs":81,"gc_min":0.0,"gc_median":0.0,"memory":3488,"time_min":1.1646020042e10},"benchmark_jump_creating_variable_dense_axis_array":{"time_median":588958.0,"allocs":10137,"gc_min":0.0,"gc_median":0.0,"memory":583520,"time_min":577458.0},"ipopt_jump_2788.jl 200":{"time_median":1.0878754084e10,"allocs":80,"gc_min":0.0,"gc_median":0.0,"memory":3472,"time_min":1.0878754084e10},"benchmark_matrix_affine_product_050":{"time_median":1.5770125e7,"allocs":57626,"gc_min":0.0,"gc_median":0.0,"memory":19987328,"time_min":1.5324958e7},"benchmark_array_sum_010":{"time_median":583083.0,"allocs":11156,"gc_min":0.0,"gc_median":0.0,"memory":763792,"time_min":573833.0},"ipopt_jump_2788.jl 400":{"time_median":1.1640524291e10,"allocs":80,"gc_min":0.0,"gc_median":0.0,"memory":3472,"time_min":1.1640524291e10},"benchmark_value_nonlinear_expression":{"time_median":5.331319375e9,"allocs":11310339,"gc_min":2.60925586e8,"gc_median":2.60925586e8,"memory":1897956022,"time_min":5.331319375e9},"benchmark_macro_quad_050":{"time_median":3.029848646e9,"allocs":24121929,"gc_min":1.54230333e8,"gc_median":2.34474771e8,"memory":2049127024,"time_min":2.948360083e9},"benchmark_jump_creating_model":{"time_median":2611.1111111111113,"allocs":88,"gc_min":0.0,"gc_median":0.0,"memory":9248,"time_min":2481.4444444444443},"benchmark_matrix_quadratic_product_050":{"time_median":7.65606292e8,"allocs":117628,"gc_min":4.2459334e7,"gc_median":1.1116675e8,"memory":495967408,"time_min":6.87226416e8},"benchmark_dense_axis_constraints_index":{"time_median":2.749271e6,"allocs":58639,"gc_min":0.0,"gc_median":0.0,"memory":4068960,"time_min":2.722625e6},"gurobi_facility.jl 100":{"time_median":4.1788092583e10,"allocs":80,"gc_min":0.0,"gc_median":0.0,"memory":3472,"time_min":4.1788092583e10},"benchmark_print_model":{"time_median":108208.0,"allocs":1434,"gc_min":0.0,"gc_median":0.0,"memory":101824,"time_min":105583.0},"benchmark_jump_creating_small_constraints":{"time_median":2.88483667e8,"allocs":3697476,"gc_min":4.228925e7,"gc_median":6.09973965e7,"memory":275222928,"time_min":2.66119958e8},"benchmark_vector_sum_050":{"time_median":28750.0,"allocs":485,"gc_min":0.0,"gc_median":0.0,"memory":44640,"time_min":27416.0},"benchmark_array_sum_050":{"time_median":8.6721834e7,"allocs":1375209,"gc_min":5.67925e6,"gc_median":8.201083e6,"memory":82413104,"time_min":8.4390125e7},"ipopt_clnlbeam.jl 500":{"time_median":4.2305558792e10,"allocs":80,"gc_min":0.0,"gc_median":0.0,"memory":3472,"time_min":4.2305558792e10},"benchmark_macro_linear_010":{"time_median":1.3898209e7,"allocs":74093,"gc_min":0.0,"gc_median":0.0,"memory":4900016,"time_min":1.3838625e7},"gurobi_lqcp.jl 1000":{"time_median":1.8615215458e10,"allocs":81,"gc_min":0.0,"gc_median":0.0,"memory":3456,"time_min":1.8615215458e10},"gurobi_lqcp.jl 1500":{"time_median":2.9381482875e10,"allocs":81,"gc_min":0.0,"gc_median":0.0,"memory":3456,"time_min":2.9381482875e10},"benchmark_macro_linear_050":{"time_median":1.843798333e9,"allocs":4913227,"gc_min":5.0465709e7,"gc_median":5.6239169e7,"memory":319168048,"time_min":1.832157e9},"benchmark_jump_creating_variable_sparse_axis_array":{"time_median":305875.0,"allocs":5136,"gc_min":0.0,"gc_median":0.0,"memory":269632,"time_min":300125.0},"benchmark_dense_axis_constraints_iterate":{"time_median":2.757333e6,"allocs":58639,"gc_min":0.0,"gc_median":0.0,"memory":4068960,"time_min":2.730584e6},"benchmark_print_model_10000":{"time_median":9.5884375e6,"allocs":129970,"gc_min":0.0,"gc_median":0.0,"memory":9462576,"time_min":9.529e6},"benchmark_jump_creating_variable_array":{"time_median":583125.0,"allocs":10136,"gc_min":0.0,"gc_median":0.0,"memory":583472,"time_min":573917.0},"gurobi_facility.jl 50":{"time_median":1.3704179667e10,"allocs":80,"gc_min":0.0,"gc_median":0.0,"memory":3472,"time_min":1.3704179667e10},"benchmark_matrix_sum_050":{"time_median":1.284625e6,"allocs":22665,"gc_min":0.0,"gc_median":0.0,"memory":1475856,"time_min":1.265875e6},"benchmark_sparse_axis_constraints_iterate":{"time_median":1.826313e6,"allocs":39227,"gc_min":0.0,"gc_median":0.0,"memory":2797856,"time_min":1.80725e6},"gurobi_facility.jl 25":{"time_median":1.0395268166e10,"allocs":80,"gc_min":0.0,"gc_median":0.0,"memory":3472,"time_min":1.0395268166e10},"benchmark_matrix_sum_010":{"time_median":56291.0,"allocs":1035,"gc_min":0.0,"gc_median":0.0,"memory":70976,"time_min":54500.0},"power_models_opf_acp.jl pglib_opf_case5_pjm":{"time_median":2.3000908625e10,"allocs":74,"gc_min":0.0,"gc_median":0.0,"memory":3168,"time_min":2.3000908625e10},"ipopt_clnlbeam.jl 50":{"time_median":1.3949021958e10,"allocs":80,"gc_min":0.0,"gc_median":0.0,"memory":3472,"time_min":1.3949021958e10},"benchmark_matrix_affine_product_010":{"time_median":156416.0,"allocs":2006,"gc_min":0.0,"gc_median":0.0,"memory":231120,"time_min":154375.0},"ipopt_clnlbeam.jl 5":{"time_median":1.1171355375e10,"allocs":80,"gc_min":0.0,"gc_median":0.0,"memory":3472,"time_min":1.1171355375e10}}