{"benchmark_p_median":{"time_median":7.5322175e8,"allocs":8013978,"gc_min":9.9911752e7,"gc_median":1.43451562e8,"memory":696257376,"time_min":7.00247708e8},"gurobi_facility.jl 75":{"time_median":2.3865557e10,"allocs":465,"gc_min":0.0,"gc_median":0.0,"memory":21776,"time_min":2.3865557e10},"inverse_ising_register.jl logrise":{"time_median":1.2494486625e10,"allocs":74,"gc_min":0.0,"gc_median":0.0,"memory":3168,"time_min":1.2494486625e10},"benchmark_print_AffExpr":{"time_median":99875.0,"allocs":1386,"gc_min":0.0,"gc_median":0.0,"memory":95104,"time_min":97750.0},"benchmark_vector_sum_010":{"time_median":8319.333333333334,"allocs":192,"gc_min":0.0,"gc_median":0.0,"memory":16288,"time_min":8000.0},"gurobi_lqcp.jl 2000":{"time_median":4.9044517583e10,"allocs":81,"gc_min":0.0,"gc_median":0.0,"memory":3456,"time_min":4.9044517583e10},"benchmark_print_small_model":{"time_median":188625.0,"allocs":2722,"gc_min":0.0,"gc_median":0.0,"memory":185952,"time_min":185042.0},"benchmark_matrix_quadratic_product_010":{"time_median":1.3435e6,"allocs":3607,"gc_min":0.0,"gc_median":0.0,"memory":1059216,"time_min":1.3265e6},"benchmark_sparse_axis_constraints_index":{"time_median":1.828833e6,"allocs":39227,"gc_min":0.0,"gc_median":0.0,"memory":2797856,"time_min":1.808167e6},"inverse_ising_expr.jl logrise":{"time_median":1.2267653125e10,"allocs":74,"gc_min":0.0,"gc_median":0.0,"memory":3168,"time_min":1.2267653125e10},"benchmark_macro_quad_010":{"time_median":2.0943125e7,"allocs":204293,"gc_min":0.0,"gc_median":0.0,"memory":17176816,"time_min":2.0805333e7},"gurobi_lqcp.jl 500":{"time_median":1.203673275e10,"allocs":80,"gc_min":0.0,"gc_median":0.0,"memory":3440,"time_min":1.203673275e10},"ipopt_jump_2788.jl 800":{"time_median":1.2008783958e10,"allocs":81,"gc_min":0.0,"gc_median":0.0,"memory":3488,"time_min":1.2008783958e10},"benchmark_jump_creating_variable_dense_axis_array":{"time_median":578917.0,"allocs":10137,"gc_min":0.0,"gc_median":0.0,"memory":583520,"time_min":568875.0},"ipopt_jump_2788.jl 200":{"time_median":1.1313271e10,"allocs":80,"gc_min":0.0,"gc_median":0.0,"memory":3472,"time_min":1.1313271e10},"inverse_ising_register.jl rple":{"time_median":1.282177125e10,"allocs":74,"gc_min":0.0,"gc_median":0.0,"memory":3168,"time_min":1.282177125e10},"benchmark_matrix_affine_product_050":{"time_median":1.6046875e7,"allocs":57626,"gc_min":0.0,"gc_median":0.0,"memory":19987328,"time_min":1.5566459e7},"benchmark_array_sum_010":{"time_median":581875.0,"allocs":11156,"gc_min":0.0,"gc_median":0.0,"memory":763792,"time_min":570667.0},"ipopt_jump_2788.jl 400":{"time_median":1.2102519917e10,"allocs":80,"gc_min":0.0,"gc_median":0.0,"memory":3472,"time_min":1.2102519917e10},"benchmark_value_nonlinear_expression":{"time_median":5.333711209e9,"allocs":11258301,"gc_min":2.70039168e8,"gc_median":2.70039168e8,"memory":1894653120,"time_min":5.333711209e9},"benchmark_macro_quad_050":{"time_median":3.1210533955e9,"allocs":24121929,"gc_min":1.46399876e8,"gc_median":2.241690235e8,"memory":2049127024,"time_min":3.047084208e9},"benchmark_jump_creating_model":{"time_median":2606.4444444444443,"allocs":88,"gc_min":0.0,"gc_median":0.0,"memory":9248,"time_min":2490.6666666666665},"benchmark_matrix_quadratic_product_050":{"time_median":8.06840875e8,"allocs":117628,"gc_min":4.6991958e7,"gc_median":1.10325041e8,"memory":495967408,"time_min":7.2427675e8},"benchmark_dense_axis_constraints_index":{"time_median":2.696083e6,"allocs":58639,"gc_min":0.0,"gc_median":0.0,"memory":4068960,"time_min":2.668917e6},"gurobi_facility.jl 100":{"time_median":4.2910747583e10,"allocs":80,"gc_min":0.0,"gc_median":0.0,"memory":3472,"time_min":4.2910747583e10},"benchmark_print_model":{"time_median":106667.0,"allocs":1434,"gc_min":0.0,"gc_median":0.0,"memory":101824,"time_min":104500.0},"benchmark_jump_creating_small_constraints":{"time_median":2.944591045e8,"allocs":3697476,"gc_min":4.3836667e7,"gc_median":6.3972728e7,"memory":275222928,"time_min":2.67873833e8},"power_models_opf_acr.jl pglib_opf_case5_pjm":{"time_median":2.1408867625e10,"allocs":74,"gc_min":0.0,"gc_median":0.0,"memory":3168,"time_min":2.1408867625e10},"benchmark_vector_sum_050":{"time_median":28750.0,"allocs":485,"gc_min":0.0,"gc_median":0.0,"memory":44640,"time_min":27500.0},"benchmark_array_sum_050":{"time_median":8.7827041e7,"allocs":1375209,"gc_min":5.240042e6,"gc_median":7.952083e6,"memory":82413104,"time_min":8.3052041e7},"ipopt_clnlbeam.jl 500":{"time_median":4.1375516708e10,"allocs":80,"gc_min":0.0,"gc_median":0.0,"memory":3472,"time_min":4.1375516708e10},"benchmark_macro_linear_010":{"time_median":1.4117292e7,"allocs":74093,"gc_min":0.0,"gc_median":0.0,"memory":4900016,"time_min":1.4045333e7},"gurobi_lqcp.jl 1000":{"time_median":1.8565766625e10,"allocs":81,"gc_min":0.0,"gc_median":0.0,"memory":3456,"time_min":1.8565766625e10},"gurobi_lqcp.jl 1500":{"time_median":3.0038146041e10,"allocs":81,"gc_min":0.0,"gc_median":0.0,"memory":3456,"time_min":3.0038146041e10},"benchmark_macro_linear_050":{"time_median":1.873072959e9,"allocs":4913227,"gc_min":5.1923542e7,"gc_median":5.5141208e7,"memory":319168048,"time_min":1.864831208e9},"benchmark_jump_creating_variable_sparse_axis_array":{"time_median":305333.0,"allocs":5136,"gc_min":0.0,"gc_median":0.0,"memory":269632,"time_min":299583.0},"benchmark_dense_axis_constraints_iterate":{"time_median":2.698958e6,"allocs":58639,"gc_min":0.0,"gc_median":0.0,"memory":4068960,"time_min":2.675709e6},"benchmark_print_model_10000":{"time_median":9.556166e6,"allocs":129970,"gc_min":0.0,"gc_median":0.0,"memory":9462576,"time_min":9.48125e6},"benchmark_jump_creating_variable_array":{"time_median":579625.0,"allocs":10136,"gc_min":0.0,"gc_median":0.0,"memory":583472,"time_min":570750.0},"gurobi_facility.jl 50":{"time_median":1.4204005916e10,"allocs":80,"gc_min":0.0,"gc_median":0.0,"memory":3472,"time_min":1.4204005916e10},"inverse_ising_expr.jl rple":{"time_median":1.2124155792e10,"allocs":74,"gc_min":0.0,"gc_median":0.0,"memory":3168,"time_min":1.2124155792e10},"inverse_ising_expr.jl rise":{"time_median":1.2137850125e10,"allocs":75,"gc_min":0.0,"gc_median":0.0,"memory":3472,"time_min":1.2137850125e10},"benchmark_matrix_sum_050":{"time_median":1.3183335e6,"allocs":22665,"gc_min":0.0,"gc_median":0.0,"memory":1475856,"time_min":1.298042e6},"benchmark_sparse_axis_constraints_iterate":{"time_median":1.8255e6,"allocs":39227,"gc_min":0.0,"gc_median":0.0,"memory":2797856,"time_min":1.8025e6},"benchmark_ipopt_fractional_power":{"time_median":3.567563e6,"allocs":1800,"gc_min":0.0,"gc_median":0.0,"memory":95744,"time_min":3.490791e6},"gurobi_facility.jl 25":{"time_median":1.0810767041e10,"allocs":80,"gc_min":0.0,"gc_median":0.0,"memory":3472,"time_min":1.0810767041e10},"benchmark_matrix_sum_010":{"time_median":56416.0,"allocs":1035,"gc_min":0.0,"gc_median":0.0,"memory":70976,"time_min":54542.0},"power_models_opf_acp.jl pglib_opf_case5_pjm":{"time_median":2.3404916208e10,"allocs":74,"gc_min":0.0,"gc_median":0.0,"memory":3168,"time_min":2.3404916208e10},"inverse_ising_register.jl rise":{"time_median":1.2521809334e10,"allocs":74,"gc_min":0.0,"gc_median":0.0,"memory":3168,"time_min":1.2521809334e10},"ipopt_clnlbeam.jl 50":{"time_median":1.4420659209e10,"allocs":80,"gc_min":0.0,"gc_median":0.0,"memory":3472,"time_min":1.4420659209e10},"benchmark_matrix_affine_product_010":{"time_median":159000.0,"allocs":2006,"gc_min":0.0,"gc_median":0.0,"memory":231120,"time_min":156500.0},"ipopt_clnlbeam.jl 5":{"time_median":1.1557090791e10,"allocs":80,"gc_min":0.0,"gc_median":0.0,"memory":3472,"time_min":1.1557090791e10}}