{"benchmark_p_median":{"time_median":4.18496625e9,"allocs":8660926,"gc_min":1.135565042e9,"gc_median":1.135565042e9,"memory":733687775,"time_min":4.18496625e9},"gurobi_facility.jl 75":{"time_median":8.3414465917e10,"allocs":465,"gc_min":0.0,"gc_median":0.0,"memory":21776,"time_min":8.3414465917e10},"benchmark_print_AffExpr":{"time_median":270333.0,"allocs":1386,"gc_min":0.0,"gc_median":0.0,"memory":95104,"time_min":253917.0},"benchmark_vector_sum_010":{"time_median":25000.0,"allocs":192,"gc_min":0.0,"gc_median":0.0,"memory":16288,"time_min":21000.0},"gurobi_lqcp.jl 2000":{"time_median":1.7279604075e11,"allocs":81,"gc_min":0.0,"gc_median":0.0,"memory":3456,"time_min":1.7279604075e11},"benchmark_print_small_model":{"time_median":534479.5,"allocs":2722,"gc_min":0.0,"gc_median":0.0,"memory":185952,"time_min":500333.0},"benchmark_matrix_quadratic_product_010":{"time_median":3.622583e6,"allocs":3607,"gc_min":0.0,"gc_median":0.0,"memory":1059216,"time_min":3.47e6},"benchmark_sparse_axis_constraints_index":{"time_median":6.437095459e9,"allocs":6686130,"gc_min":2.73426834e8,"gc_median":2.73426834e8,"memory":439884610,"time_min":6.437095459e9},"benchmark_macro_quad_010":{"time_median":7.2012416e7,"allocs":204293,"gc_min":0.0,"gc_median":0.0,"memory":17176816,"time_min":7.0324416e7},"gurobi_lqcp.jl 500":{"time_median":3.8700688375e10,"allocs":80,"gc_min":0.0,"gc_median":0.0,"memory":3440,"time_min":3.8700688375e10},"ipopt_jump_2788.jl 800":{"time_median":3.7076511542e10,"allocs":81,"gc_min":0.0,"gc_median":0.0,"memory":3488,"time_min":3.7076511542e10},"benchmark_jump_creating_variable_dense_axis_array":{"time_median":1.448417e6,"allocs":10137,"gc_min":0.0,"gc_median":0.0,"memory":583520,"time_min":1.363417e6},"ipopt_jump_2788.jl 200":{"time_median":3.4054824333e10,"allocs":80,"gc_min":0.0,"gc_median":0.0,"memory":3472,"time_min":3.4054824333e10},"benchmark_matrix_affine_product_050":{"time_median":4.5489708e7,"allocs":57626,"gc_min":0.0,"gc_median":0.0,"memory":19987328,"time_min":4.0352667e7},"benchmark_array_sum_010":{"time_median":1.531417e6,"allocs":11156,"gc_min":0.0,"gc_median":0.0,"memory":763792,"time_min":1.450458e6},"ipopt_jump_2788.jl 400":{"time_median":3.6544997375e10,"allocs":80,"gc_min":0.0,"gc_median":0.0,"memory":3472,"time_min":3.6544997375e10},"benchmark_value_nonlinear_expression":{"time_median":1.7097957875e10,"allocs":11314402,"gc_min":1.071604376e9,"gc_median":1.071604376e9,"memory":1897943585,"time_min":1.7097957875e10},"benchmark_macro_quad_050":{"time_median":1.07119795e10,"allocs":24121929,"gc_min":4.80672877e8,"gc_median":4.80672877e8,"memory":2049127024,"time_min":1.07119795e10},"benchmark_jump_creating_model":{"time_median":7574.111111111111,"allocs":88,"gc_min":0.0,"gc_median":0.0,"memory":9248,"time_min":6750.0},"benchmark_matrix_quadratic_product_050":{"time_median":2.12508e9,"allocs":117628,"gc_min":4.05280625e8,"gc_median":4.62129416e8,"memory":495967408,"time_min":2.122576875e9},"benchmark_dense_axis_constraints_index":{"time_median":8.0204165e6,"allocs":58639,"gc_min":0.0,"gc_median":0.0,"memory":4068960,"time_min":7.112041e6},"gurobi_facility.jl 100":{"time_median":1.693529635e11,"allocs":80,"gc_min":0.0,"gc_median":0.0,"memory":3472,"time_min":1.693529635e11},"benchmark_print_model":{"time_median":296375.0,"allocs":1434,"gc_min":0.0,"gc_median":0.0,"memory":101824,"time_min":280791.0},"benchmark_jump_creating_small_constraints":{"time_median":1.03521825e9,"allocs":3697476,"gc_min":2.26466833e8,"gc_median":3.309837295e8,"memory":275222928,"time_min":9.28256e8},"benchmark_vector_sum_050":{"time_median":78459.0,"allocs":485,"gc_min":0.0,"gc_median":0.0,"memory":44640,"time_min":70583.0},"benchmark_array_sum_050":{"time_median":2.799415625e8,"allocs":1375209,"gc_min":2.5697666e7,"gc_median":5.89703755e7,"memory":82413104,"time_min":2.466835e8},"ipopt_clnlbeam.jl 500":{"time_median":1.58431132042e11,"allocs":80,"gc_min":0.0,"gc_median":0.0,"memory":3472,"time_min":1.58431132042e11},"benchmark_macro_linear_010":{"time_median":3.89115835e7,"allocs":74093,"gc_min":0.0,"gc_median":0.0,"memory":4900016,"time_min":3.8170833e7},"gurobi_lqcp.jl 1000":{"time_median":6.5568739583e10,"allocs":81,"gc_min":0.0,"gc_median":0.0,"memory":3456,"time_min":6.5568739583e10},"gurobi_lqcp.jl 1500":{"time_median":1.09135694792e11,"allocs":81,"gc_min":0.0,"gc_median":0.0,"memory":3456,"time_min":1.09135694792e11},"benchmark_macro_linear_050":{"time_median":5.612855458e9,"allocs":4913227,"gc_min":3.27676375e8,"gc_median":3.27676375e8,"memory":319168048,"time_min":5.612855458e9},"benchmark_jump_creating_variable_sparse_axis_array":{"time_median":791875.0,"allocs":5136,"gc_min":0.0,"gc_median":0.0,"memory":269632,"time_min":755875.0},"benchmark_dense_axis_constraints_iterate":{"time_median":8.048084e6,"allocs":58639,"gc_min":0.0,"gc_median":0.0,"memory":4068960,"time_min":7.763125e6},"benchmark_print_model_10000":{"time_median":2.5134375e7,"allocs":129970,"gc_min":0.0,"gc_median":0.0,"memory":9462576,"time_min":2.4660625e7},"benchmark_jump_creating_variable_array":{"time_median":1.433667e6,"allocs":10136,"gc_min":0.0,"gc_median":0.0,"memory":583472,"time_min":1.375583e6},"gurobi_facility.jl 50":{"time_median":4.7091007209e10,"allocs":80,"gc_min":0.0,"gc_median":0.0,"memory":3472,"time_min":4.7091007209e10},"benchmark_matrix_sum_050":{"time_median":3.345687e6,"allocs":22665,"gc_min":0.0,"gc_median":0.0,"memory":1475856,"time_min":3.21575e6},"benchmark_sparse_axis_constraints_iterate":{"time_median":5.538959e6,"allocs":39232,"gc_min":0.0,"gc_median":0.0,"memory":2867776,"time_min":5.311917e6},"gurobi_facility.jl 25":{"time_median":3.3086743917e10,"allocs":80,"gc_min":0.0,"gc_median":0.0,"memory":3472,"time_min":3.3086743917e10},"benchmark_matrix_sum_010":{"time_median":148270.5,"allocs":1035,"gc_min":0.0,"gc_median":0.0,"memory":70976,"time_min":136709.0},"power_models_opf_acp.jl pglib_opf_case5_pjm":{"time_median":7.1604643333e10,"allocs":74,"gc_min":0.0,"gc_median":0.0,"memory":3168,"time_min":7.1604643333e10},"ipopt_clnlbeam.jl 50":{"time_median":4.3925063167e10,"allocs":80,"gc_min":0.0,"gc_median":0.0,"memory":3472,"time_min":4.3925063167e10},"benchmark_matrix_affine_product_010":{"time_median":455541.0,"allocs":2006,"gc_min":0.0,"gc_median":0.0,"memory":231120,"time_min":418125.0},"ipopt_clnlbeam.jl 5":{"time_median":3.5253086667e10,"allocs":80,"gc_min":0.0,"gc_median":0.0,"memory":3472,"time_min":3.5253086667e10}}